level_0,index,incident_id,incident_date,state,city_or_country,address,killed,injured,incident_url,year,month-year
0,0,2491656,2022-12-31,Arizona,Phoenix,4201 N 19th Ave,0,9,https://www.gunviolencearchive.org/incident/2491656,2022,12-2022
1,1,2492253,2022-12-31,Alabama,Mobile,200 block of Dauphin St,1,8,https://www.gunviolencearchive.org/incident/2492253,2022,12-2022
2,2,2491054,2022-12-30,Tennessee,Memphis,E Brooks Rd,1,3,https://www.gunviolencearchive.org/incident/2491054,2022,12-2022
3,3,2490925,2022-12-30,Texas,Humble,4800 block of Park Square Ln,2,3,https://www.gunviolencearchive.org/incident/2490925,2022,12-2022
4,4,2489614,2022-12-28,New York,Bronx,851 E Tremont Ave,1,3,https://www.gunviolencearchive.org/incident/2489614,2022,12-2022
5,5,2490150,2022-12-28,Texas,Dallas,9500 block of Scyene Rd,0,6,https://www.gunviolencearchive.org/incident/2490150,2022,12-2022
6,6,2488952,2022-12-27,District of Columbia,Washington,2300 block of Pennsylvania Ave SE,0,4,https://www.gunviolencearchive.org/incident/2488952,2022,12-2022
7,7,2489345,2022-12-27,Ohio,Columbus,900 block of Bellows Ave,0,5,https://www.gunviolencearchive.org/incident/2489345,2022,12-2022
8,8,2489124,2022-12-27,California,Eureka,4000 block of Crane St,2,2,https://www.gunviolencearchive.org/incident/2489124,2022,12-2022
9,9,2488209,2022-12-26,Louisiana,New Orleans,2031 St Maurice Ave,2,4,https://www.gunviolencearchive.org/incident/2488209,2022,12-2022
10,10,2487989,2022-12-24,Mississippi,Columbus,90 block of Luxapalila Dr,1,4,https://www.gunviolencearchive.org/incident/2487989,2022,12-2022
11,11,2487517,2022-12-23,Kansas,Wichita,900 block of S Mission Rd,2,2,https://www.gunviolencearchive.org/incident/2487517,2022,12-2022
12,12,2485011,2022-12-19,Florida,Lake City,NW Dixie Ave and NW Wright Ln,0,5,https://www.gunviolencearchive.org/incident/2485011,2022,12-2022
13,13,2484083,2022-12-18,California,Santa Ana,2112 S Main St,1,3,https://www.gunviolencearchive.org/incident/2484083,2022,12-2022
14,14,2483594,2022-12-18,Oklahoma,Oklahoma City,311 S Klein Ave,0,4,https://www.gunviolencearchive.org/incident/2483594,2022,12-2022
15,15,2483489,2022-12-17,Georgia,Atlanta,3000 Continental Colony Pkwy SW,2,3,https://www.gunviolencearchive.org/incident/2483489,2022,12-2022
16,16,2482288,2022-12-16,Illinois,Chicago,2150 S Laflin St,2,2,https://www.gunviolencearchive.org/incident/2482288,2022,12-2022
17,17,2483188,2022-12-16,Georgia,Valdosta,611 E Ann St,2,2,https://www.gunviolencearchive.org/incident/2483188,2022,12-2022
18,18,2483108,2022-12-16,Texas,Dallas,2691 John West Rd,0,5,https://www.gunviolencearchive.org/incident/2483108,2022,12-2022
19,19,2482711,2022-12-16,Tennessee,Memphis,831 Springdale Run Dr,0,5,https://www.gunviolencearchive.org/incident/2482711,2022,12-2022
20,20,2482119,2022-12-15,California,Los Angeles,Florence Ave,0,4,https://www.gunviolencearchive.org/incident/2482119,2022,12-2022
21,21,2480430,2022-12-13,New York,Rochester,Atlantic Ave and Illinois St,1,4,https://www.gunviolencearchive.org/incident/2480430,2022,12-2022
22,22,2479678,2022-12-12,New York,Bronx,388 E 141st St,0,4,https://www.gunviolencearchive.org/incident/2479678,2022,12-2022
23,23,2478664,2022-12-11,Illinois,Chicago,3235 N Central Ave,3,1,https://www.gunviolencearchive.org/incident/2478664,2022,12-2022
24,24,2478061,2022-12-09,Arizona,Phoenix,S 21st and W Burgess LN,1,3,https://www.gunviolencearchive.org/incident/2478061,2022,12-2022
25,25,2477622,2022-12-08,Michigan,Detroit,1114 Washington Blvd,0,4,https://www.gunviolencearchive.org/incident/2477622,2022,12-2022
26,26,2477404,2022-12-08,Louisiana,New Orleans,4242 Chef Menteur Hwy,0,4,https://www.gunviolencearchive.org/incident/2477404,2022,12-2022
27,27,2475554,2022-12-06,New York,Bronx,Daly Ave and E 180th St,0,4,https://www.gunviolencearchive.org/incident/2475554,2022,12-2022
28,28,2475546,2022-12-06,Georgia,Macon,159 Steven Dr,3,1,https://www.gunviolencearchive.org/incident/2475546,2022,12-2022
29,29,2474143,2022-12-04,Illinois,Zion,1800 block of Horeb Ave,0,5,https://www.gunviolencearchive.org/incident/2474143,2022,12-2022
30,30,2472924,2022-12-01,Texas,San Antonio,4200 block of S Cibolo St,0,4,https://www.gunviolencearchive.org/incident/2472924,2022,12-2022
31,31,2471298,2022-11-30,Louisiana,Lake Charles,510 Broad St,0,8,https://www.gunviolencearchive.org/incident/2471298,2022,11-2022
32,32,2469354,2022-11-27,Florida,Tallahassee,2101 Wahnish Way,1,4,https://www.gunviolencearchive.org/incident/2469354,2022,11-2022
33,33,2468894,2022-11-27,Louisiana,New Orleans,200 block of Bourbon St,0,5,https://www.gunviolencearchive.org/incident/2468894,2022,11-2022
34,34,2468745,2022-11-26,Georgia,Atlanta,117 17th St NW,2,4,https://www.gunviolencearchive.org/incident/2468745,2022,11-2022
35,35,2468642,2022-11-26,Alabama,Mobile,216 Dauphin St,0,4,https://www.gunviolencearchive.org/incident/2468642,2022,11-2022
36,36,2468325,2022-11-26,Illinois,Chicago,12700 block of S Halsted St,2,2,https://www.gunviolencearchive.org/incident/2468325,2022,11-2022
37,37,2468162,2022-11-25,Georgia,Atlanta,2700 block of Gresham Rd,1,3,https://www.gunviolencearchive.org/incident/2468162,2022,11-2022
38,38,2467743,2022-11-24,California,Costa Mesa,400 block of Bay St,1,4,https://www.gunviolencearchive.org/incident/2467743,2022,11-2022
39,39,2467661,2022-11-24,Texas,Houston,1511 Baggett Ln,2,2,https://www.gunviolencearchive.org/incident/2467661,2022,11-2022
40,40,2466835,2022-11-23,Maryland,Temple Hills,2300 block of Iverson St,0,4,https://www.gunviolencearchive.org/incident/2466835,2022,11-2022
41,41,2466431,2022-11-23,Pennsylvania,Philadelphia,1901 N 60th St,0,4,https://www.gunviolencearchive.org/incident/2466431,2022,11-2022
42,42,2465761,2022-11-22,Virginia,Chesapeake,1521 Sam's Circle,7,6,https://www.gunviolencearchive.org/incident/2465761,2022,11-2022
43,43,2465213,2022-11-22,Florida,West Palm Beach,600 block of Snead Cir,2,2,https://www.gunviolencearchive.org/incident/2465213,2022,11-2022
44,44,2464943,2022-11-20,Oklahoma,Hennessey,2372 N 2760 Rd,4,1,https://www.gunviolencearchive.org/incident/2464943,2022,11-2022
45,45,2464272,2022-11-20,Texas,Dallas,2000 S Beckley Ave,0,4,https://www.gunviolencearchive.org/incident/2464272,2022,11-2022
46,46,2463465,2022-11-19,Colorado,Colorado Springs,3430 N Academy Blvd,5,17,https://www.gunviolencearchive.org/incident/2463465,2022,11-2022
47,47,2464352,2022-11-19,Illinois,Washington Park,Bunkum Rd and N 45th St,1,3,https://www.gunviolencearchive.org/incident/2464352,2022,11-2022
48,48,2463882,2022-11-19,Mississippi,Philadelphia,560 Line St,1,6,https://www.gunviolencearchive.org/incident/2463882,2022,11-2022
49,49,2462457,2022-11-18,Virginia,Richmond,4275 Laurel Oak Rd,4,0,https://www.gunviolencearchive.org/incident/2462457,2022,11-2022
50,50,2458727,2022-11-13,Pennsylvania,Philadelphia,400 block of E Wyoming Ave,0,4,https://www.gunviolencearchive.org/incident/2458727,2022,11-2022
51,51,2458676,2022-11-13,North Carolina,Enfield,1662 Green Acres Rd,1,5,https://www.gunviolencearchive.org/incident/2458676,2022,11-2022
52,52,2458863,2022-11-13,Nebraska,Omaha,3347 Ames Ave,1,7,https://www.gunviolencearchive.org/incident/2458863,2022,11-2022
53,53,2459150,2022-11-13,Virginia,Charlottesville,130 Culbreth St,3,2,https://www.gunviolencearchive.org/incident/2459150,2022,11-2022
54,54,2458933,2022-11-12,California,Sacramento,4000 block of May St,0,4,https://www.gunviolencearchive.org/incident/2458933,2022,11-2022
55,55,2459005,2022-11-12,Texas,Fort Worth,6655 Calgary Ln,0,4,https://www.gunviolencearchive.org/incident/2459005,2022,11-2022
56,56,2459259,2022-11-12,California,Indio,Lilac Ct and Golden Rod Dr,1,3,https://www.gunviolencearchive.org/incident/2459259,2022,11-2022
57,57,2458467,2022-11-12,New Jersey,Paterson,50 Block of N Main St,0,4,https://www.gunviolencearchive.org/incident/2458467,2022,11-2022
58,58,2459156,2022-11-12,Tennessee,Memphis,S Goodlett St and Sheffield Ave,0,4,https://www.gunviolencearchive.org/incident/2459156,2022,11-2022
59,59,2458086,2022-11-11,New Jersey,Jersey City,Virginia Ave and Martin Luther King Dr,0,4,https://www.gunviolencearchive.org/incident/2458086,2022,11-2022
60,60,2455710,2022-11-07,Texas,Mcallen (McAllen),4700 block of Jasmine Ave,0,4,https://www.gunviolencearchive.org/incident/2455710,2022,11-2022
61,61,2453865,2022-11-06,Illinois,Chicago,311 W Chicago Ave,1,3,https://www.gunviolencearchive.org/incident/2453865,2022,11-2022
62,62,2453892,2022-11-06,Illinois,Chicago,5100 block of S Kolin Ave,0,5,https://www.gunviolencearchive.org/incident/2453892,2022,11-2022
63,63,2454565,2022-11-06,California,Tulare,Rd 84 and Ave 208,0,5,https://www.gunviolencearchive.org/incident/2454565,2022,11-2022
64,64,2455484,2022-11-06,Florida,Gainesville,500 SW 2nd Ave,0,4,https://www.gunviolencearchive.org/incident/2455484,2022,11-2022
65,65,2454281,2022-11-05,New York,Buffalo,30 E Amherst St,0,4,https://www.gunviolencearchive.org/incident/2454281,2022,11-2022
66,66,2453744,2022-11-05,Pennsylvania,Philadelphia,853 E Allegheny Ave,0,9,https://www.gunviolencearchive.org/incident/2453744,2022,11-2022
67,67,2452673,2022-11-04,Florida,Orlando,10145 Myers Dr,4,2,https://www.gunviolencearchive.org/incident/2452673,2022,11-2022
68,68,2452798,2022-11-04,Maryland,La Plata,3018 Wildflower Dr,5,0,https://www.gunviolencearchive.org/incident/2452798,2022,11-2022
69,69,2452501,2022-11-03,Illinois,Chicago,3700 block of W Chicago Ave,0,4,https://www.gunviolencearchive.org/incident/2452501,2022,11-2022
70,70,2451028,2022-11-02,Texas,Houston,2930 W Sam Houston Pkwy S,0,4,https://www.gunviolencearchive.org/incident/2451028,2022,11-2022
71,71,2451550,2022-11-02,Mississippi,Hattiesburg,W 5th St,2,3,https://www.gunviolencearchive.org/incident/2451550,2022,11-2022
72,72,2450360,2022-11-01,Colorado,Denver,1400 block of Verbena St,1,5,https://www.gunviolencearchive.org/incident/2450360,2022,11-2022
73,73,2450917,2022-11-01,Maryland,Baltimore,2000 block of W Pratt St,0,4,https://www.gunviolencearchive.org/incident/2450917,2022,11-2022
74,74,2449986,2022-10-31,Kansas,Kansas City,S 50th St and Elmwood Ave,1,6,https://www.gunviolencearchive.org/incident/2449986,2022,10-2022
75,75,2450557,2022-10-31,Illinois,East Saint Louis,935 St Louis Ave,2,3,https://www.gunviolencearchive.org/incident/2450557,2022,10-2022
76,76,2449653,2022-10-31,Illinois,Chicago,S California Ave and W Polk St,1,13,https://www.gunviolencearchive.org/incident/2449653,2022,10-2022
77,77,2448898,2022-10-30,Tennessee,Memphis,3920 Park Ave,1,3,https://www.gunviolencearchive.org/incident/2448898,2022,10-2022
78,78,2448366,2022-10-30,Colorado,Aurora,900 block of N Geneva St,4,0,https://www.gunviolencearchive.org/incident/2448366,2022,10-2022
79,79,2448287,2022-10-30,Pennsylvania,Philadelphia,601 Spring Garden St,0,6,https://www.gunviolencearchive.org/incident/2448287,2022,10-2022
80,80,2448361,2022-10-30,California,Covina,17000 block of E Bellbrook St,2,2,https://www.gunviolencearchive.org/incident/2448361,2022,10-2022
81,81,2448372,2022-10-30,South Carolina,Charleston,1900 Hazelwood Dr,0,4,https://www.gunviolencearchive.org/incident/2448372,2022,10-2022
82,82,2448015,2022-10-29,Florida,Orlando,8204 Crystal Clear Ln,0,6,https://www.gunviolencearchive.org/incident/2448015,2022,10-2022
83,83,2448330,2022-10-29,Florida,Tallahassee,2101 W Pensacola St,1,9,https://www.gunviolencearchive.org/incident/2448330,2022,10-2022
84,84,2447980,2022-10-28,Ohio,Toledo,Junction Ave and Belmont Ave,2,2,https://www.gunviolencearchive.org/incident/2447980,2022,10-2022
85,85,2447379,2022-10-28,Pennsylvania,Pittsburgh,3737 Brighton Rd,0,5,https://www.gunviolencearchive.org/incident/2447379,2022,10-2022
86,86,2447217,2022-10-27,Oklahoma,Broken Arrow,425 S Hickory Ave,8,0,https://www.gunviolencearchive.org/incident/2447217,2022,10-2022
87,87,2445686,2022-10-25,Ohio,Hamilton,700 block of S 2nd St,2,2,https://www.gunviolencearchive.org/incident/2445686,2022,10-2022
88,88,2445939,2022-10-25,North Carolina,Greensboro,900 block of Circle Dr,2,4,https://www.gunviolencearchive.org/incident/2445939,2022,10-2022
89,89,2443879,2022-10-24,Missouri,Saint Louis,3125 S Kingshighway Blvd,3,4,https://www.gunviolencearchive.org/incident/2443879,2022,10-2022
90,90,2443849,2022-10-24,Illinois,Chicago,3200 block of W 30th St,1,3,https://www.gunviolencearchive.org/incident/2443849,2022,10-2022
91,91,2443627,2022-10-23,Texas,Brownsville,1200 block of W Saint Francis St,0,5,https://www.gunviolencearchive.org/incident/2443627,2022,10-2022
92,92,2443194,2022-10-23,Illinois,Chicago,4300 block of S Kedzie Ave,3,2,https://www.gunviolencearchive.org/incident/2443194,2022,10-2022
93,93,2443276,2022-10-23,Wisconsin,Milwaukee,N 34th St and W Wright St,0,4,https://www.gunviolencearchive.org/incident/2443276,2022,10-2022
94,94,2442695,2022-10-22,Wisconsin,Milwaukee,W Fond Du Lac and W Hoyt Pl,0,6,https://www.gunviolencearchive.org/incident/2442695,2022,10-2022
95,95,2443257,2022-10-22,North Carolina,Oxford,100 block of Granville St,0,6,https://www.gunviolencearchive.org/incident/2443257,2022,10-2022
96,96,2443287,2022-10-22,Georgia,Cordele,1309 16th Ave E,0,4,https://www.gunviolencearchive.org/incident/2443287,2022,10-2022
97,97,2443231,2022-10-22,Arizona,Phoenix,6330 W Miami St,1,7,https://www.gunviolencearchive.org/incident/2443231,2022,10-2022
98,98,2450590,2022-10-21,Mississippi,Cleveland,511 Lee St,1,3,https://www.gunviolencearchive.org/incident/2450590,2022,10-2022
99,99,2442632,2022-10-21,Louisiana,New Orleans,2200 block of N Galvez St,1,3,https://www.gunviolencearchive.org/incident/2442632,2022,10-2022
100,100,2444683,2022-10-21,Wisconsin,Hartland,700 Mansfield Court,6,0,https://www.gunviolencearchive.org/incident/2444683,2022,10-2022
101,101,2442008,2022-10-21,Louisiana,Baton Rouge,636 Harding Blvd,0,11,https://www.gunviolencearchive.org/incident/2442008,2022,10-2022
102,102,2441540,2022-10-20,Ohio,Cleveland,4497 State Rd,0,5,https://www.gunviolencearchive.org/incident/2441540,2022,10-2022
103,103,2439423,2022-10-17,Virginia,Woodbridge,5297 Mansfield Ct,4,0,https://www.gunviolencearchive.org/incident/2439423,2022,10-2022
104,104,2438904,2022-10-16,Texas,El Paso,8500 block of Dyer St,1,3,https://www.gunviolencearchive.org/incident/2438904,2022,10-2022
105,105,2438505,2022-10-16,Georgia,Atlanta,223 James P Brawley Dr SW,0,4,https://www.gunviolencearchive.org/incident/2438505,2022,10-2022
106,106,2439294,2022-10-16,California,Lancaster,44236 20th St E,0,4,https://www.gunviolencearchive.org/incident/2439294,2022,10-2022
107,107,2438461,2022-10-16,Virginia,Harrisonburg,1500 block of Devon Ln,0,8,https://www.gunviolencearchive.org/incident/2438461,2022,10-2022
108,108,2438121,2022-10-15,Colorado,Denver,900 Dakin St,1,7,https://www.gunviolencearchive.org/incident/2438121,2022,10-2022
109,109,2438154,2022-10-15,Massachusetts,Worcester,88 Webster St,0,6,https://www.gunviolencearchive.org/incident/2438154,2022,10-2022
110,110,2438494,2022-10-15,New York,Freeport,Babylon Tpke and Independence Ave,0,4,https://www.gunviolencearchive.org/incident/2438494,2022,10-2022
111,111,2438482,2022-10-15,Pennsylvania,Pittsburgh,300 block of Cedar Ave,3,1,https://www.gunviolencearchive.org/incident/2438482,2022,10-2022
112,112,2438723,2022-10-15,Mississippi,Itta Bena,,2,7,https://www.gunviolencearchive.org/incident/2438723,2022,10-2022
113,113,2437284,2022-10-14,Pennsylvania,Philadelphia,Willard St and Shelbourne St,0,4,https://www.gunviolencearchive.org/incident/2437284,2022,10-2022
114,114,2436826,2022-10-13,North Carolina,Raleigh,5300 block of Sahalee Way,5,3,https://www.gunviolencearchive.org/incident/2436826,2022,10-2022
115,115,2437177,2022-10-13,North Carolina,New Bern,2100 block of New Bern Ave,0,4,https://www.gunviolencearchive.org/incident/2437177,2022,10-2022
116,116,2437630,2022-10-13,Alabama,Lanett,1912 50th Ave SW,0,6,https://www.gunviolencearchive.org/incident/2437630,2022,10-2022
117,117,2434847,2022-10-10,California,Delano,County Line Road and Road 136,1,3,https://www.gunviolencearchive.org/incident/2434847,2022,10-2022
118,118,2434247,2022-10-09,South Carolina,Inman,280 Bobo Dr,5,0,https://www.gunviolencearchive.org/incident/2434247,2022,10-2022
119,119,2434128,2022-10-09,Florida,Miami,525 NE 150th St,1,3,https://www.gunviolencearchive.org/incident/2434128,2022,10-2022
120,120,2439284,2022-10-09,Oklahoma,Henryetta,US-75 and Catalpa Rd,4,0,https://www.gunviolencearchive.org/incident/2439284,2022,10-2022
121,121,2434326,2022-10-09,Arkansas,Jacksonville,300 Marshall Rd,1,3,https://www.gunviolencearchive.org/incident/2434326,2022,10-2022
122,122,2433539,2022-10-09,Florida,Tampa,908 N Franklin St,1,6,https://www.gunviolencearchive.org/incident/2433539,2022,10-2022
123,123,2434062,2022-10-09,Texas,Beaumont,2550 I-10 Frontage Rd,0,5,https://www.gunviolencearchive.org/incident/2434062,2022,10-2022
124,124,2433352,2022-10-08,California,Berkeley,Durant Ave and Telegraph Ave,1,3,https://www.gunviolencearchive.org/incident/2433352,2022,10-2022
125,125,2440211,2022-10-08,Alabama,Hurtsboro,Ross Rd,2,2,https://www.gunviolencearchive.org/incident/2440211,2022,10-2022
126,126,2434151,2022-10-08,Missouri,Saint Joseph,302 Illinois Ave,0,4,https://www.gunviolencearchive.org/incident/2434151,2022,10-2022
127,127,2432772,2022-10-07,Oregon,Portland,SE 92nd Ave and Powell Blvd,0,4,https://www.gunviolencearchive.org/incident/2432772,2022,10-2022
128,128,2432893,2022-10-07,Texas,Fort Worth,1200 block of Jessamine St,4,0,https://www.gunviolencearchive.org/incident/2432893,2022,10-2022
129,129,2431842,2022-10-06,Kentucky,Louisville,5000 block of East Indian Trail,0,4,https://www.gunviolencearchive.org/incident/2431842,2022,10-2022
130,130,2431594,2022-10-06,District of Columbia,Washington,1200 North Capitol St NW,1,3,https://www.gunviolencearchive.org/incident/2431594,2022,10-2022
131,131,2431069,2022-10-05,Texas,Baytown,2000 block of Tri City Beach Rd,5,2,https://www.gunviolencearchive.org/incident/2431069,2022,10-2022
132,132,2428950,2022-10-02,Tennessee,Nashville,600 block of S 7th St,0,4,https://www.gunviolencearchive.org/incident/2428950,2022,10-2022
133,133,2428715,2022-10-02,Washington,Seattle,4300 block of University Way NE,0,4,https://www.gunviolencearchive.org/incident/2428715,2022,10-2022
134,134,2428678,2022-10-01,California,Oakland,988 Apgar St,2,2,https://www.gunviolencearchive.org/incident/2428678,2022,10-2022
135,135,2427999,2022-10-01,Pennsylvania,Philadelphia,5000 block of Frankford Ave,0,4,https://www.gunviolencearchive.org/incident/2427999,2022,10-2022
136,136,2427775,2022-09-30,Oklahoma,Tulsa,4929 N Peoria Ave,1,3,https://www.gunviolencearchive.org/incident/2427775,2022,09-2022
137,137,2428456,2022-09-30,Mississippi,Marks,1st St and W Main St,0,5,https://www.gunviolencearchive.org/incident/2428456,2022,09-2022
138,138,2426627,2022-09-29,Texas,Mc Gregor,901 S Monroe St,5,1,https://www.gunviolencearchive.org/incident/2426627,2022,09-2022
139,139,2426042,2022-09-28,California,Oakland,8251 Fontaine St,1,5,https://www.gunviolencearchive.org/incident/2426042,2022,09-2022
140,140,2425825,2022-09-28,Ohio,Columbus,1680 Karl Ct,0,5,https://www.gunviolencearchive.org/incident/2425825,2022,09-2022
141,141,2425799,2022-09-28,Maryland,Baltimore,5500 block of Bowleys Ln,0,4,https://www.gunviolencearchive.org/incident/2425799,2022,09-2022
142,142,2426382,2022-09-28,Alabama,Uniontown,100-104 Birch Rd,0,5,https://www.gunviolencearchive.org/incident/2426382,2022,09-2022
143,143,2425393,2022-09-27,New York,Corona (Queens),88-01 Atlantic Ave,0,4,https://www.gunviolencearchive.org/incident/2425393,2022,09-2022
144,144,2426137,2022-09-27,New York,New York (Manhattan),W 116th St and 7th Ave,0,4,https://www.gunviolencearchive.org/incident/2426137,2022,09-2022
145,145,2426061,2022-09-27,North Carolina,Goldsboro,1200 block of Olivia Ln,0,4,https://www.gunviolencearchive.org/incident/2426061,2022,09-2022
146,146,2425199,2022-09-27,Pennsylvania,Philadelphia,6498 Ridge Ave,1,4,https://www.gunviolencearchive.org/incident/2425199,2022,09-2022
147,147,2425839,2022-09-27,Florida,Jacksonville,A Philip Randolph Blvd and Union St,0,4,https://www.gunviolencearchive.org/incident/2425839,2022,09-2022
148,148,2423747,2022-09-25,Pennsylvania,Harrisburg,2300 block of Woodlawn St,0,4,https://www.gunviolencearchive.org/incident/2423747,2022,09-2022
149,149,2423338,2022-09-25,Indiana,Hammond,6217 Kennedy Ave,1,3,https://www.gunviolencearchive.org/incident/2423338,2022,09-2022
150,150,2423538,2022-09-24,Ohio,Columbus,E 5th Ave and Osborn Ave,1,3,https://www.gunviolencearchive.org/incident/2423538,2022,09-2022
151,151,2423331,2022-09-24,Georgia,Louisville,Forrest Dr,1,3,https://www.gunviolencearchive.org/incident/2423331,2022,09-2022
152,152,2424602,2022-09-23,California,Castroville,,0,4,https://www.gunviolencearchive.org/incident/2424602,2022,09-2022
153,153,2421430,2022-09-22,Illinois,Chicago,E 35th St and S Prairie Ave,0,4,https://www.gunviolencearchive.org/incident/2421430,2022,09-2022
154,154,2420406,2022-09-20,New York,Mount Vernon,333 S 8th Ave,0,4,https://www.gunviolencearchive.org/incident/2420406,2022,09-2022
155,155,2420637,2022-09-20,Michigan,Niles,620 N 6th St,2,3,https://www.gunviolencearchive.org/incident/2420637,2022,09-2022
156,156,2419473,2022-09-19,Georgia,Swainsboro,N Coleman St,1,3,https://www.gunviolencearchive.org/incident/2419473,2022,09-2022
157,157,2417634,2022-09-18,New York,Corona (Queens),41st Ave and Warren St,1,3,https://www.gunviolencearchive.org/incident/2417634,2022,09-2022
158,158,2417641,2022-09-18,Wisconsin,Kenosha,2232 Roosevelt Rd,2,2,https://www.gunviolencearchive.org/incident/2417641,2022,09-2022
159,159,2417863,2022-09-18,Nevada,Las Vegas,4800 block of Holt Ave,0,5,https://www.gunviolencearchive.org/incident/2417863,2022,09-2022
160,160,2417696,2022-09-18,Michigan,Allendale,10295 48th Ave,0,4,https://www.gunviolencearchive.org/incident/2417696,2022,09-2022
161,161,2417293,2022-09-17,Missouri,Blue Springs,US 40 and Adams Dairy Pkwy,0,5,https://www.gunviolencearchive.org/incident/2417293,2022,09-2022
162,162,2416762,2022-09-17,Minnesota,Minneapolis,Hennepin Ave and N 8th St,0,5,https://www.gunviolencearchive.org/incident/2416762,2022,09-2022
163,163,2416625,2022-09-16,Wisconsin,Milwaukee,4100 block of N 13th St,0,5,https://www.gunviolencearchive.org/incident/2416625,2022,09-2022
164,164,2414276,2022-09-14,Wisconsin,Milwaukee,1300 block of E Hamilton St,0,4,https://www.gunviolencearchive.org/incident/2414276,2022,09-2022
165,165,2415614,2022-09-14,Florida,Miami (North Miami),NW 10th Ave and NW 131st St,0,5,https://www.gunviolencearchive.org/incident/2415614,2022,09-2022
166,166,2414858,2022-09-14,California,Los Angeles,312 E 5th St,0,4,https://www.gunviolencearchive.org/incident/2414858,2022,09-2022
167,167,2414080,2022-09-13,Illinois,Chicago,5531 S King Dr,2,7,https://www.gunviolencearchive.org/incident/2414080,2022,09-2022
168,168,2415479,2022-09-13,California,Oakland,92nd Ave and Peach St,0,4,https://www.gunviolencearchive.org/incident/2415479,2022,09-2022
169,169,2413596,2022-09-12,Oklahoma,Oklahoma City,1400 block of S Indiana Ave,0,4,https://www.gunviolencearchive.org/incident/2413596,2022,09-2022
170,170,2412198,2022-09-11,Michigan,Detroit,13000 block of E Warren Ave,0,4,https://www.gunviolencearchive.org/incident/2412198,2022,09-2022
171,171,2412164,2022-09-11,New Mexico,Santa Fe,Paseo Feliz,0,5,https://www.gunviolencearchive.org/incident/2412164,2022,09-2022
172,172,2412289,2022-09-11,Michigan,Grand Rapids,,0,4,https://www.gunviolencearchive.org/incident/2412289,2022,09-2022
173,173,2412487,2022-09-11,North Carolina,Durham,4400 block of NC-55,1,3,https://www.gunviolencearchive.org/incident/2412487,2022,09-2022
174,174,2411801,2022-09-10,Indiana,Plainfield,2688 E Main St,2,2,https://www.gunviolencearchive.org/incident/2411801,2022,09-2022
175,175,2411871,2022-09-10,Kentucky,Lexington,Georgetown Rd and Parallel Rd,0,4,https://www.gunviolencearchive.org/incident/2411871,2022,09-2022
176,176,2411007,2022-09-09,New York,Bronx,810 Astor Ave,0,4,https://www.gunviolencearchive.org/incident/2411007,2022,09-2022
177,177,2410446,2022-09-09,Maryland,Elk Mills,47 Hebron Ct,5,0,https://www.gunviolencearchive.org/incident/2410446,2022,09-2022
178,178,2411901,2022-09-09,Minnesota,Minneapolis,328 W Broadway Ave,1,3,https://www.gunviolencearchive.org/incident/2411901,2022,09-2022
179,179,2410704,2022-09-08,Minnesota,Minneapolis,626 W Broadway Ave,0,4,https://www.gunviolencearchive.org/incident/2410704,2022,09-2022
180,180,2410269,2022-09-08,California,Los Angeles,4th St and Broadway,0,4,https://www.gunviolencearchive.org/incident/2410269,2022,09-2022
181,181,2408990,2022-09-07,Tennessee,Memphis,3100 block of Lyndale Ave,3,3,https://www.gunviolencearchive.org/incident/2408990,2022,09-2022
182,182,2407734,2022-09-05,Missouri,Kansas City,7320 Manchester Ave,2,2,https://www.gunviolencearchive.org/incident/2407734,2022,09-2022
183,183,2407739,2022-09-05,Missouri,Saint Louis,4400 block of Red Bud Ave,1,3,https://www.gunviolencearchive.org/incident/2407739,2022,09-2022
184,184,2406998,2022-09-05,Georgia,Hartwell,1541 Anderson Hwy,2,2,https://www.gunviolencearchive.org/incident/2406998,2022,09-2022
185,185,2406862,2022-09-05,Ohio,Cleveland,13902 Euclid Ave,1,10,https://www.gunviolencearchive.org/incident/2406862,2022,09-2022
186,186,2406852,2022-09-05,Pennsylvania,Philadelphia,W Russell St and N 8th St,2,4,https://www.gunviolencearchive.org/incident/2406852,2022,09-2022
187,187,2406123,2022-09-04,South Carolina,Charleston,King St and Morris St,0,7,https://www.gunviolencearchive.org/incident/2406123,2022,09-2022
188,188,2406597,2022-09-04,Minnesota,Saint Paul,951 Case Ave E,3,2,https://www.gunviolencearchive.org/incident/2406597,2022,09-2022
189,189,2406108,2022-09-04,Virginia,Norfolk,5005 Killam Ave,2,5,https://www.gunviolencearchive.org/incident/2406108,2022,09-2022
190,190,2406656,2022-09-04,Florida,Fort Lauderdale (Lauderdale Lakes),3050 NW 41st St,0,4,https://www.gunviolencearchive.org/incident/2406656,2022,09-2022
191,191,2406651,2022-09-04,Illinois,Chicago,8600 block of S Kingston Ave,2,2,https://www.gunviolencearchive.org/incident/2406651,2022,09-2022
192,192,2405689,2022-09-03,California,Chico,1500 block of W 5th St,0,5,https://www.gunviolencearchive.org/incident/2405689,2022,09-2022
193,193,2405866,2022-09-03,Illinois,Yorkville,8400 block of Immanuel Rd,0,4,https://www.gunviolencearchive.org/incident/2405866,2022,09-2022
194,194,2408075,2022-09-03,Delaware,Dover,1200 N Dupont Hwy,0,4,https://www.gunviolencearchive.org/incident/2408075,2022,09-2022
195,195,2406042,2022-09-03,Alabama,Birmingham,100 block of 3rd Ave W,2,2,https://www.gunviolencearchive.org/incident/2406042,2022,09-2022
196,196,2405859,2022-09-03,Maryland,Capitol Heights,1428 Ritchie Rd,1,3,https://www.gunviolencearchive.org/incident/2405859,2022,09-2022
197,197,2405239,2022-09-02,California,Fresno,Effie St and Grant Ave,2,3,https://www.gunviolencearchive.org/incident/2405239,2022,09-2022
198,198,2405020,2022-09-02,Minnesota,Minneapolis,700 W Broadway Ave,0,4,https://www.gunviolencearchive.org/incident/2405020,2022,09-2022
199,199,2404930,2022-09-02,New York,Brooklyn,223 Russell St,0,4,https://www.gunviolencearchive.org/incident/2404930,2022,09-2022
200,200,2400998,2022-08-29,Missouri,Saint Louis (Jennings),8800 block of Cozens Ave,0,4,https://www.gunviolencearchive.org/incident/2400998,2022,08-2022
201,201,2399774,2022-08-28,Wisconsin,Clinton,9221 E Little Ln,0,4,https://www.gunviolencearchive.org/incident/2399774,2022,08-2022
202,202,2400434,2022-08-28,Oregon,Bend,2650 NE Hwy 20,3,2,https://www.gunviolencearchive.org/incident/2400434,2022,08-2022
203,203,2399820,2022-08-28,New York,Albany,Hamilton St and Ontario St,0,6,https://www.gunviolencearchive.org/incident/2399820,2022,08-2022
204,204,2399670,2022-08-28,Colorado,Denver,2731 42nd Ave,1,3,https://www.gunviolencearchive.org/incident/2399670,2022,08-2022
205,205,2400026,2022-08-28,Michigan,Detroit,Wyoming Ave and W 7-Mile Rd,3,1,https://www.gunviolencearchive.org/incident/2400026,2022,08-2022
206,206,2399839,2022-08-28,California,Los Angeles,2471 Whittier Blvd,0,6,https://www.gunviolencearchive.org/incident/2399839,2022,08-2022
207,207,2400492,2022-08-28,Arizona,Phoenix,21636 N 26th Ave,3,5,https://www.gunviolencearchive.org/incident/2400492,2022,08-2022
208,208,2399755,2022-08-28,Texas,Houston,8021 Dunlap St,4,2,https://www.gunviolencearchive.org/incident/2399755,2022,08-2022
209,209,2399576,2022-08-27,New York,Brooklyn,W 29th St and Boardwalk W,1,4,https://www.gunviolencearchive.org/incident/2399576,2022,08-2022
210,210,2399000,2022-08-27,Washington,Spokane,302 W Queen Ave,1,3,https://www.gunviolencearchive.org/incident/2399000,2022,08-2022
211,211,2398877,2022-08-27,Kentucky,Lexington,207 Legends Ln,0,7,https://www.gunviolencearchive.org/incident/2398877,2022,08-2022
212,212,2398004,2022-08-25,Kentucky,Henderson,804 Clay St,2,2,https://www.gunviolencearchive.org/incident/2398004,2022,08-2022
213,213,2397504,2022-08-25,Washington,Spokane,701 N Chestnut St,0,4,https://www.gunviolencearchive.org/incident/2397504,2022,08-2022
214,214,2398118,2022-08-25,Alabama,Birmingham,8th St W and Finley Blvd,1,3,https://www.gunviolencearchive.org/incident/2398118,2022,08-2022
215,215,2396803,2022-08-24,Illinois,Chicago,3591 N Milwaukee Ave,0,4,https://www.gunviolencearchive.org/incident/2396803,2022,08-2022
216,216,2396536,2022-08-24,District of Columbia,Washington,27 O Street NW,2,3,https://www.gunviolencearchive.org/incident/2396536,2022,08-2022
217,217,2397033,2022-08-24,Wisconsin,Milwaukee,2622 N 22nd St,3,2,https://www.gunviolencearchive.org/incident/2397033,2022,08-2022
218,218,2396567,2022-08-24,Maryland,Baltimore,Park Heights Ave and Shirley Ave,1,6,https://www.gunviolencearchive.org/incident/2396567,2022,08-2022
219,219,2396124,2022-08-23,Pennsylvania,Philadelphia,N 60th St and Race St,2,2,https://www.gunviolencearchive.org/incident/2396124,2022,08-2022
220,220,2393758,2022-08-21,Tennessee,Memphis,I-240 and Norris Rd,1,3,https://www.gunviolencearchive.org/incident/2393758,2022,08-2022
221,221,2393474,2022-08-20,Delaware,Wilmington,Tatnall St and W 27th St,0,4,https://www.gunviolencearchive.org/incident/2393474,2022,08-2022
222,222,2393051,2022-08-20,North Carolina,Asheville,11 Grove St,0,4,https://www.gunviolencearchive.org/incident/2393051,2022,08-2022
223,223,2392698,2022-08-20,Illinois,Chicago,6200 block of S Michigan Ave,0,5,https://www.gunviolencearchive.org/incident/2392698,2022,08-2022
224,224,2392494,2022-08-19,Illinois,Chicago,3300 block of W Flournoy St,1,4,https://www.gunviolencearchive.org/incident/2392494,2022,08-2022
225,225,2391779,2022-08-19,Illinois,Chicago,5200 block of S Green St,0,4,https://www.gunviolencearchive.org/incident/2391779,2022,08-2022
226,226,2391353,2022-08-18,Virginia,Norfolk,7433 Fenner St,3,2,https://www.gunviolencearchive.org/incident/2391353,2022,08-2022
227,227,2390519,2022-08-17,Illinois,Chicago,7321 S Union Ave,0,4,https://www.gunviolencearchive.org/incident/2390519,2022,08-2022
228,228,2391042,2022-08-17,Pennsylvania,Philadelphia,2800 block of Bonsal St,0,4,https://www.gunviolencearchive.org/incident/2391042,2022,08-2022
229,229,2398608,2022-08-16,Michigan,Paw Paw,126 E Michigan Ave,0,4,https://www.gunviolencearchive.org/incident/2398608,2022,08-2022
230,230,2389775,2022-08-16,Pennsylvania,Philadelphia,5700 Haverford Ave,0,5,https://www.gunviolencearchive.org/incident/2389775,2022,08-2022
231,231,2388884,2022-08-16,Tennessee,Memphis,Austin Peay Hwy and New Covington Pike,0,6,https://www.gunviolencearchive.org/incident/2388884,2022,08-2022
232,232,2386954,2022-08-14,Arizona,Phoenix,4601 E Granada Rd,1,4,https://www.gunviolencearchive.org/incident/2386954,2022,08-2022
233,233,2386871,2022-08-14,Illinois,Chicago,1800 block of W 78th St,1,4,https://www.gunviolencearchive.org/incident/2386871,2022,08-2022
234,234,2386878,2022-08-14,Maryland,Baltimore,5100 block of Harford Rd,1,3,https://www.gunviolencearchive.org/incident/2386878,2022,08-2022
235,235,2388144,2022-08-13,Ohio,Cleveland,7500 block of Bessemer Ave,1,4,https://www.gunviolencearchive.org/incident/2388144,2022,08-2022
236,236,2386032,2022-08-13,North Carolina,Raleigh,2414 Paula St,0,6,https://www.gunviolencearchive.org/incident/2386032,2022,08-2022
237,237,2387010,2022-08-13,Georgia,Atlanta (College Park),5420 Riverdale Rd,1,4,https://www.gunviolencearchive.org/incident/2387010,2022,08-2022
238,238,2386151,2022-08-13,Washington,Renton,1501 Orcas Ave,0,4,https://www.gunviolencearchive.org/incident/2386151,2022,08-2022
239,239,2385789,2022-08-12,Pennsylvania,Philadelphia,5300 block of Charles St,1,3,https://www.gunviolencearchive.org/incident/2385789,2022,08-2022
240,240,2385846,2022-08-12,Missouri,Saint Louis,5166 Dr Martin Luther King Dr,1,3,https://www.gunviolencearchive.org/incident/2385846,2022,08-2022
241,241,2383958,2022-08-10,Mississippi,Winona,613 Powell St,1,3,https://www.gunviolencearchive.org/incident/2383958,2022,08-2022
242,242,2382827,2022-08-08,Virginia,Richmond,3100 Carolina Ave,0,4,https://www.gunviolencearchive.org/incident/2382827,2022,08-2022
243,243,2381371,2022-08-07,Pennsylvania,Pittsburgh,1700 block of Brighton Pl,1,3,https://www.gunviolencearchive.org/incident/2381371,2022,08-2022
244,244,2380747,2022-08-07,Ohio,Cincinnati,1323 Main St,0,9,https://www.gunviolencearchive.org/incident/2380747,2022,08-2022
245,245,2381321,2022-08-07,Georgia,Atlanta,477 Windsor St SW,2,4,https://www.gunviolencearchive.org/incident/2381321,2022,08-2022
246,246,2381000,2022-08-07,Alabama,Birmingham,800 block of 2nd Ave N,1,4,https://www.gunviolencearchive.org/incident/2381000,2022,08-2022
247,247,2380361,2022-08-06,Michigan,Detroit,Saratoga St and Gratiot Ave,1,4,https://www.gunviolencearchive.org/incident/2380361,2022,08-2022
248,248,2380869,2022-08-06,Michigan,Detroit,19000 block of Andover St,1,6,https://www.gunviolencearchive.org/incident/2380869,2022,08-2022
249,249,2380783,2022-08-06,Pennsylvania,Duquesne,Orchard Park Ave and Ridge St,0,4,https://www.gunviolencearchive.org/incident/2380783,2022,08-2022
250,250,2379316,2022-08-05,Virginia,Norfolk,216 E Plume St,0,4,https://www.gunviolencearchive.org/incident/2379316,2022,08-2022
251,251,2379499,2022-08-05,Ohio,Dayton,7120 Hardwicke Pl,4,0,https://www.gunviolencearchive.org/incident/2379499,2022,08-2022
252,252,2380017,2022-08-05,Wisconsin,Milwaukee,N 91st St and W Allyn St,0,4,https://www.gunviolencearchive.org/incident/2380017,2022,08-2022
253,253,2378851,2022-08-04,Tennessee,Nashville,371 Hickory Trace Dr,1,3,https://www.gunviolencearchive.org/incident/2378851,2022,08-2022
254,254,2379020,2022-08-04,Nebraska,Laurel,503 Elm St,4,0,https://www.gunviolencearchive.org/incident/2379020,2022,08-2022
255,255,2377855,2022-08-03,California,Panorama City,Parthenia St and Tobias Ave,1,4,https://www.gunviolencearchive.org/incident/2377855,2022,08-2022
256,256,2377529,2022-08-03,Florida,Miami,10000 SW 173rd Terrace,0,5,https://www.gunviolencearchive.org/incident/2377529,2022,08-2022
257,257,2376380,2022-08-02,New York,Albany,Central Ave and Lexington Ave,0,5,https://www.gunviolencearchive.org/incident/2376380,2022,08-2022
258,258,2377338,2022-08-02,Florida,Orlando,9873 Lake District Ln,5,0,https://www.gunviolencearchive.org/incident/2377338,2022,08-2022
259,259,2376028,2022-08-01,Ohio,Columbus,176 Rumsey Rd,2,3,https://www.gunviolencearchive.org/incident/2376028,2022,08-2022
260,260,2375725,2022-08-01,California,Paramount,13801 Paramount Blvd,1,3,https://www.gunviolencearchive.org/incident/2375725,2022,08-2022
261,261,2375886,2022-08-01,District of Columbia,Washington,444 16th St NE,1,5,https://www.gunviolencearchive.org/incident/2375886,2022,08-2022
262,262,2374750,2022-07-31,Indiana,South Bend,St Joseph St and Milton St,0,4,https://www.gunviolencearchive.org/incident/2374750,2022,07-2022
263,263,2374430,2022-07-31,Florida,Orlando,Wall St and S Orange Ave,0,7,https://www.gunviolencearchive.org/incident/2374430,2022,07-2022
264,264,2374401,2022-07-31,Indiana,Indianapolis,Broad Ripple Ave and Guilford Ave,0,4,https://www.gunviolencearchive.org/incident/2374401,2022,07-2022
265,265,2374337,2022-07-31,Michigan,Detroit,11637 Coyle St,2,6,https://www.gunviolencearchive.org/incident/2374337,2022,07-2022
266,266,2374990,2022-07-31,Illinois,Decatur,2874 N Dinneen St,1,3,https://www.gunviolencearchive.org/incident/2374990,2022,07-2022
267,267,2375097,2022-07-31,Connecticut,Hartford,1994 Main St,0,4,https://www.gunviolencearchive.org/incident/2375097,2022,07-2022
268,268,2373924,2022-07-30,Louisiana,Monroe,2000 Peach St,1,3,https://www.gunviolencearchive.org/incident/2373924,2022,07-2022
269,269,2373692,2022-07-30,Illinois,Wheeling,800 block of Fletcher Dr,0,5,https://www.gunviolencearchive.org/incident/2373692,2022,07-2022
270,270,2373859,2022-07-30,Georgia,Girard,232 Claxton Rd,1,4,https://www.gunviolencearchive.org/incident/2373859,2022,07-2022
271,271,2373050,2022-07-29,Maryland,Baltimore,3100 block of W North Ave,2,2,https://www.gunviolencearchive.org/incident/2373050,2022,07-2022
272,272,2373646,2022-07-29,New Mexico,Albuquerque,4303 Estancia Dr NW,1,4,https://www.gunviolencearchive.org/incident/2373646,2022,07-2022
273,273,2373607,2022-07-29,Ohio,Cleveland,E 154th St and Harvard Ave,1,3,https://www.gunviolencearchive.org/incident/2373607,2022,07-2022
274,274,2373111,2022-07-29,Florida,Miami,10875 SW 216th St,0,4,https://www.gunviolencearchive.org/incident/2373111,2022,07-2022
275,275,2370760,2022-07-27,Georgia,Macon,624 Forest Hill Rd,2,2,https://www.gunviolencearchive.org/incident/2370760,2022,07-2022
276,276,2371416,2022-07-27,Louisiana,Hahnville,300 block of Sycamore St,1,3,https://www.gunviolencearchive.org/incident/2371416,2022,07-2022
277,277,2369720,2022-07-25,Louisiana,New Orleans,2000 block of Saint Andrew St,0,4,https://www.gunviolencearchive.org/incident/2369720,2022,07-2022
278,278,2368110,2022-07-24,South Carolina,Bennettsville,614 Hwy 15-401 Bypass E,1,3,https://www.gunviolencearchive.org/incident/2368110,2022,07-2022
279,279,2368575,2022-07-24,California,San Pedro,560 N Western Ave,2,6,https://www.gunviolencearchive.org/incident/2368575,2022,07-2022
280,280,2368029,2022-07-24,Georgia,Atlanta,1695 Northside Dr NW,0,8,https://www.gunviolencearchive.org/incident/2368029,2022,07-2022
281,281,2368308,2022-07-24,Texas,Fort Worth,2350 S Riverside Dr,1,3,https://www.gunviolencearchive.org/incident/2368308,2022,07-2022
282,282,2367984,2022-07-23,Virginia,Richmond,2220 Broad Rock Blvd,0,5,https://www.gunviolencearchive.org/incident/2367984,2022,07-2022
283,283,2367664,2022-07-23,Texas,El Paso,14100 block of Honey Point Dr,0,4,https://www.gunviolencearchive.org/incident/2367664,2022,07-2022
284,284,2367289,2022-07-23,North Carolina,Pinebluff,212 Primrose Path,1,4,https://www.gunviolencearchive.org/incident/2367289,2022,07-2022
285,285,2367193,2022-07-23,Washington,Renton,100 block of Logan Ave S,1,6,https://www.gunviolencearchive.org/incident/2367193,2022,07-2022
286,286,2368018,2022-07-23,Illinois,Chicago,5400 block of S Paulina St,0,4,https://www.gunviolencearchive.org/incident/2368018,2022,07-2022
287,287,2367176,2022-07-23,Illinois,Chicago,2700 block of W Jackson Blvd,0,4,https://www.gunviolencearchive.org/incident/2367176,2022,07-2022
288,288,2367157,2022-07-23,Illinois,Rockford,1401 N 2nd St,2,2,https://www.gunviolencearchive.org/incident/2367157,2022,07-2022
289,289,2367972,2022-07-23,Michigan,Kalamazoo,1300 block of N Church St,0,9,https://www.gunviolencearchive.org/incident/2367972,2022,07-2022
290,290,2366273,2022-07-21,California,Los Angeles,210 W 7th St,0,5,https://www.gunviolencearchive.org/incident/2366273,2022,07-2022
291,291,2363589,2022-07-19,Nebraska,Lincoln,2835 T St,0,4,https://www.gunviolencearchive.org/incident/2363589,2022,07-2022
292,292,2362912,2022-07-18,Georgia,Atlanta,440 Thomasvillle Blvd,0,5,https://www.gunviolencearchive.org/incident/2362912,2022,07-2022
293,293,2362595,2022-07-17,Washington,Mount Vernon,2301 Freeway Dr,0,5,https://www.gunviolencearchive.org/incident/2362595,2022,07-2022
294,294,2362141,2022-07-17,New York,Brooklyn,265 Livonia Ave,0,4,https://www.gunviolencearchive.org/incident/2362141,2022,07-2022
295,295,2361849,2022-07-17,Michigan,Detroit,,0,4,https://www.gunviolencearchive.org/incident/2361849,2022,07-2022
296,296,2362011,2022-07-17,Indiana,Greenwood,1251 US Hwy 31 N,4,2,https://www.gunviolencearchive.org/incident/2362011,2022,07-2022
297,297,2362215,2022-07-17,Indiana,Beech Grove,1100 S 9th Ave,1,3,https://www.gunviolencearchive.org/incident/2362215,2022,07-2022
298,298,2361609,2022-07-17,Michigan,Grand Rapids,77 Cesar E Chavez Ave SW,0,4,https://www.gunviolencearchive.org/incident/2361609,2022,07-2022
299,299,2361654,2022-07-17,Georgia,Milledgeville,Leo Ct and Nobles Ct,0,5,https://www.gunviolencearchive.org/incident/2361654,2022,07-2022
300,300,2362282,2022-07-17,New Jersey,Newark,751 Broadway,0,4,https://www.gunviolencearchive.org/incident/2362282,2022,07-2022
301,301,2362562,2022-07-17,Washington,Vancouver,E 11th St and E McLoughlin Blvd,2,2,https://www.gunviolencearchive.org/incident/2362562,2022,07-2022
302,302,2361532,2022-07-16,District of Columbia,Washington,200 block of Adams St NE,1,3,https://www.gunviolencearchive.org/incident/2361532,2022,07-2022
303,303,2360953,2022-07-16,Ohio,Columbus,3475 Sullivant Ave,2,2,https://www.gunviolencearchive.org/incident/2360953,2022,07-2022
304,304,2361097,2022-07-16,South Carolina,North Charleston,8440 Dorchester Rd,0,4,https://www.gunviolencearchive.org/incident/2361097,2022,07-2022
305,305,2361614,2022-07-16,Texas,Houston,2331 Bammelwood Dr,4,0,https://www.gunviolencearchive.org/incident/2361614,2022,07-2022
306,306,2362355,2022-07-16,Louisiana,Monroe,2200 block of Adams St,0,5,https://www.gunviolencearchive.org/incident/2362355,2022,07-2022
307,307,2361490,2022-07-16,Pennsylvania,Philadelphia,1300 block of E Luzerne St,0,4,https://www.gunviolencearchive.org/incident/2361490,2022,07-2022
308,308,2359843,2022-07-14,Illinois,Chicago,4400 block of W Maypole St,0,4,https://www.gunviolencearchive.org/incident/2359843,2022,07-2022
309,309,2359229,2022-07-14,Pennsylvania,Philadelphia,1901 Spring Garden St,0,4,https://www.gunviolencearchive.org/incident/2359229,2022,07-2022
310,310,2358938,2022-07-13,Pennsylvania,Philadelphia,Wyalusing Ave and N Creighton St,0,4,https://www.gunviolencearchive.org/incident/2358938,2022,07-2022
311,311,2358861,2022-07-13,Indiana,Indianapolis,3629 Merrick Way,1,3,https://www.gunviolencearchive.org/incident/2358861,2022,07-2022
312,312,2358856,2022-07-13,Minnesota,Minneapolis,1818 Lowry Ave N,0,4,https://www.gunviolencearchive.org/incident/2358856,2022,07-2022
313,313,2358329,2022-07-12,Massachusetts,Boston,39 Warren St,0,4,https://www.gunviolencearchive.org/incident/2358329,2022,07-2022
314,314,2358053,2022-07-11,Mississippi,Jackson,Fairway St and Suncrest Dr,0,4,https://www.gunviolencearchive.org/incident/2358053,2022,07-2022
315,315,2356705,2022-07-10,Illinois,Crest Hill,1828 Knapp Dr,1,4,https://www.gunviolencearchive.org/incident/2356705,2022,07-2022
316,316,2356327,2022-07-10,Missouri,Kansas City,4128 Broadway Blvd,1,5,https://www.gunviolencearchive.org/incident/2356327,2022,07-2022
317,317,2355580,2022-07-10,California,Downey,8100 block of Leeds St,3,2,https://www.gunviolencearchive.org/incident/2355580,2022,07-2022
318,318,2356813,2022-07-10,Texas,Alvin,1500 block of County Road 149,1,3,https://www.gunviolencearchive.org/incident/2356813,2022,07-2022
319,319,2355438,2022-07-10,Illinois,Chicago,448 N State St,0,4,https://www.gunviolencearchive.org/incident/2355438,2022,07-2022
320,320,2355398,2022-07-10,New York,Brooklyn,Boardwalk and W 21st St,0,5,https://www.gunviolencearchive.org/incident/2355398,2022,07-2022
321,321,2355962,2022-07-09,Alabama,Jacksons Gap,Manoy Dr,0,4,https://www.gunviolencearchive.org/incident/2355962,2022,07-2022
322,322,2354111,2022-07-08,North Carolina,Greensboro,1200 block of Fairview St,0,4,https://www.gunviolencearchive.org/incident/2354111,2022,07-2022
323,323,2354825,2022-07-08,Michigan,Detroit,3400 block of 2nd Ave,0,4,https://www.gunviolencearchive.org/incident/2354825,2022,07-2022
324,324,2353847,2022-07-07,Illinois,Chicago,2800 block of W Polk St,0,4,https://www.gunviolencearchive.org/incident/2353847,2022,07-2022
325,325,2352780,2022-07-06,Florida,Tampa,Courtland St N and Chelsea St E,0,4,https://www.gunviolencearchive.org/incident/2352780,2022,07-2022
326,326,2352444,2022-07-06,Illinois,Chicago,1820 W Maypole Ave,0,4,https://www.gunviolencearchive.org/incident/2352444,2022,07-2022
327,327,2352349,2022-07-06,Minnesota,Saint Cloud,Sixth Ave S and 11th St S,0,4,https://www.gunviolencearchive.org/incident/2352349,2022,07-2022
328,328,2352342,2022-07-05,Ohio,Steubenville,601 South St,0,4,https://www.gunviolencearchive.org/incident/2352342,2022,07-2022
329,329,2349853,2022-07-05,Indiana,Gary,1900 block of Missouri St,3,7,https://www.gunviolencearchive.org/incident/2349853,2022,07-2022
330,330,2349723,2022-07-05,New York,Rochester,485 N Clinton Ave,1,3,https://www.gunviolencearchive.org/incident/2349723,2022,07-2022
331,331,2348384,2022-07-04,Illinois,Highland Park,Central Ave and 2nd St,8,29,https://www.gunviolencearchive.org/incident/2348384,2022,07-2022
332,332,2348163,2022-07-04,Massachusetts,Boston,Dorchester Ave and Bailey St,0,4,https://www.gunviolencearchive.org/incident/2348163,2022,07-2022
333,333,2350033,2022-07-04,Minnesota,Minneapolis,724 Sibley St NE,0,7,https://www.gunviolencearchive.org/incident/2350033,2022,07-2022
334,334,2349746,2022-07-04,Wisconsin,Kenosha,6321 25th Ave,1,4,https://www.gunviolencearchive.org/incident/2349746,2022,07-2022
335,335,2348230,2022-07-04,California,Sacramento,1525 L St,1,4,https://www.gunviolencearchive.org/incident/2348230,2022,07-2022
336,336,2348750,2022-07-04,Missouri,Kansas City,E 13th St and Grand Blvd,0,4,https://www.gunviolencearchive.org/incident/2348750,2022,07-2022
337,337,2349545,2022-07-04,Colorado,Denver,2100 block of W Pacific Pl,1,3,https://www.gunviolencearchive.org/incident/2349545,2022,07-2022
338,338,2349758,2022-07-04,New York,Corona (Queens),171st St and 137th Ave,0,4,https://www.gunviolencearchive.org/incident/2349758,2022,07-2022
339,339,2348204,2022-07-04,Illinois,Chicago,6500 block of S Martin Luther King Dr,0,5,https://www.gunviolencearchive.org/incident/2348204,2022,07-2022
340,340,2348167,2022-07-04,Virginia,Richmond,10 block of W Broad St,0,6,https://www.gunviolencearchive.org/incident/2348167,2022,07-2022
341,341,2348191,2022-07-03,Virginia,Manassas,8129 Sudley Rd,0,4,https://www.gunviolencearchive.org/incident/2348191,2022,07-2022
342,342,2347373,2022-07-03,South Carolina,Mullins,Leroy Bethea St and Jennings Rd,0,4,https://www.gunviolencearchive.org/incident/2347373,2022,07-2022
343,343,2348303,2022-07-03,Arizona,Surprise,W Carlin Dr,3,4,https://www.gunviolencearchive.org/incident/2348303,2022,07-2022
344,344,2348263,2022-07-03,Washington,Tacoma,3300 block of S Asotin St,0,4,https://www.gunviolencearchive.org/incident/2348263,2022,07-2022
345,345,2347060,2022-07-02,Texas,Haltom City,5700 block of Diamond Oaks Dr N,3,4,https://www.gunviolencearchive.org/incident/2347060,2022,07-2022
346,346,2347228,2022-07-02,New York,Corona (Queens),129-09 89th Ave,1,3,https://www.gunviolencearchive.org/incident/2347228,2022,07-2022
347,347,2347297,2022-07-02,North Carolina,Clinton,506 Stetson St,0,6,https://www.gunviolencearchive.org/incident/2347297,2022,07-2022
348,348,2346422,2022-07-01,Illinois,Chicago,3800 block of W Monroe St,0,4,https://www.gunviolencearchive.org/incident/2346422,2022,07-2022
349,349,2346406,2022-07-01,Mississippi,Greenwood,Johnson St and Main St,1,7,https://www.gunviolencearchive.org/incident/2346406,2022,07-2022
350,350,2345410,2022-07-01,Illinois,Chicago,408 S Wells St,2,3,https://www.gunviolencearchive.org/incident/2345410,2022,07-2022
351,351,2345144,2022-06-30,Kentucky,Allen,49 N Railroad St,3,5,https://www.gunviolencearchive.org/incident/2345144,2022,06-2022
352,352,2344954,2022-06-30,New Jersey,Newark,291 Clinton Pl,0,9,https://www.gunviolencearchive.org/incident/2344954,2022,06-2022
353,353,2344008,2022-06-29,New Jersey,Jersey City,166 Bayview Ave,0,4,https://www.gunviolencearchive.org/incident/2344008,2022,06-2022
354,354,2344201,2022-06-29,Pennsylvania,Philadelphia,1100 block of E Price St,0,4,https://www.gunviolencearchive.org/incident/2344201,2022,06-2022
355,355,2341725,2022-06-27,North Carolina,Charlotte,2000 block of Holly St,0,5,https://www.gunviolencearchive.org/incident/2341725,2022,06-2022
356,356,2340458,2022-06-26,Georgia,Blakely,N Church St and Washington Ave,1,6,https://www.gunviolencearchive.org/incident/2340458,2022,06-2022
357,357,2340720,2022-06-26,Virginia,Sutherlin,1220 Kerns Church Rd,1,7,https://www.gunviolencearchive.org/incident/2340720,2022,06-2022
358,358,2340685,2022-06-26,New Jersey,Paterson,Madison St and Essex St,0,5,https://www.gunviolencearchive.org/incident/2340685,2022,06-2022
359,359,2340473,2022-06-26,Texas,San Antonio,3805 Blanco Rd,1,3,https://www.gunviolencearchive.org/incident/2340473,2022,06-2022
360,360,2340696,2022-06-26,Texas,Winona,18005 FM 2767,0,5,https://www.gunviolencearchive.org/incident/2340696,2022,06-2022
361,361,2340409,2022-06-26,Washington,Tacoma,5415 S Tacoma Way,0,8,https://www.gunviolencearchive.org/incident/2340409,2022,06-2022
362,362,2340297,2022-06-25,New York,Brooklyn,690 Quincy St,0,4,https://www.gunviolencearchive.org/incident/2340297,2022,06-2022
363,363,2339761,2022-06-25,Texas,Houston,4207 Madden St,2,2,https://www.gunviolencearchive.org/incident/2339761,2022,06-2022
364,364,2340347,2022-06-25,Minnesota,Minneapolis,SE Main St and 6th Ave SE,0,4,https://www.gunviolencearchive.org/incident/2340347,2022,06-2022
365,365,2339866,2022-06-24,Virginia,Hopewell,Elm St and Arlington Rd,2,2,https://www.gunviolencearchive.org/incident/2339866,2022,06-2022
366,366,2338874,2022-06-24,Pennsylvania,Philadelphia,S Bucknell St and Oakford St,2,2,https://www.gunviolencearchive.org/incident/2338874,2022,06-2022
367,367,2338902,2022-06-23,Illinois,Chicago,7900 block of S Lafayette Ave,1,3,https://www.gunviolencearchive.org/incident/2338902,2022,06-2022
368,368,2335052,2022-06-20,New York,New York (Manhattan),5th Ave and W 139th St,1,8,https://www.gunviolencearchive.org/incident/2335052,2022,06-2022
369,369,2335872,2022-06-20,New York,Staten Island,Taft Ave and Westervelt Ave,0,5,https://www.gunviolencearchive.org/incident/2335872,2022,06-2022
370,370,2334920,2022-06-19,District of Columbia,Washington,14th St NW and U St NW,1,3,https://www.gunviolencearchive.org/incident/2334920,2022,06-2022
371,371,2334936,2022-06-19,Michigan,Detroit,18501 Healy St,1,3,https://www.gunviolencearchive.org/incident/2334936,2022,06-2022
372,372,2334374,2022-06-19,Michigan,Grand Rapids,Griggs St SE and Division St,0,4,https://www.gunviolencearchive.org/incident/2334374,2022,06-2022
373,373,2334512,2022-06-19,Florida,Miami,US-1 and SW 22nd Ave,0,5,https://www.gunviolencearchive.org/incident/2334512,2022,06-2022
374,374,2334620,2022-06-19,South Carolina,Walterboro,1109 Rivers St,2,2,https://www.gunviolencearchive.org/incident/2334620,2022,06-2022
375,375,2334359,2022-06-18,Texas,San Antonio,2500 block of Patron Dr,2,5,https://www.gunviolencearchive.org/incident/2334359,2022,06-2022
376,376,2333675,2022-06-18,Florida,Pensacola,15 E Intendencia St,0,5,https://www.gunviolencearchive.org/incident/2333675,2022,06-2022
377,377,2334096,2022-06-17,Maryland,Baltimore,1800 block of W Lafayette Ave,0,4,https://www.gunviolencearchive.org/incident/2334096,2022,06-2022
378,378,2333667,2022-06-17,Illinois,Chicago,3000 block of S Rhodes Ave,0,5,https://www.gunviolencearchive.org/incident/2333667,2022,06-2022
379,379,2333154,2022-06-16,California,Oakland,316 14th St,1,4,https://www.gunviolencearchive.org/incident/2333154,2022,06-2022
380,380,2328374,2022-06-12,California,Los Angeles,3300 block of E 14th St,3,4,https://www.gunviolencearchive.org/incident/2328374,2022,06-2022
381,381,2328532,2022-06-12,Michigan,Roseville,27000 block of Kelly St,0,4,https://www.gunviolencearchive.org/incident/2328532,2022,06-2022
382,382,2328265,2022-06-12,Indiana,Gary,1700 Grant St,2,4,https://www.gunviolencearchive.org/incident/2328265,2022,06-2022
383,383,2328215,2022-06-12,Indiana,Indianapolis,9200 block of Sussex Ter,0,5,https://www.gunviolencearchive.org/incident/2328215,2022,06-2022
384,384,2328117,2022-06-12,Louisiana,New Orleans,3940 Tulane Ave,0,4,https://www.gunviolencearchive.org/incident/2328117,2022,06-2022
385,385,2328342,2022-06-12,Colorado,Denver,4600 block of Colorado Ave,2,4,https://www.gunviolencearchive.org/incident/2328342,2022,06-2022
386,386,2360288,2022-06-11,New Mexico,Alamogordo,,0,5,https://www.gunviolencearchive.org/incident/2360288,2022,06-2022
387,387,2327598,2022-06-11,Michigan,Detroit,13500 block of Cloverlawn Ave,0,4,https://www.gunviolencearchive.org/incident/2327598,2022,06-2022
388,388,2327645,2022-06-11,Illinois,Chicago,8600 block of S Damen Ave,1,4,https://www.gunviolencearchive.org/incident/2327645,2022,06-2022
389,389,2328482,2022-06-11,Georgia,Atlanta (College Park),6500 block of Woodford Rd,0,7,https://www.gunviolencearchive.org/incident/2328482,2022,06-2022
390,390,2328108,2022-06-11,Tennessee,Antioch,660 Bell Rd,2,2,https://www.gunviolencearchive.org/incident/2328108,2022,06-2022
391,391,2327991,2022-06-11,Kentucky,Louisville,1101 River Rd,0,6,https://www.gunviolencearchive.org/incident/2327991,2022,06-2022
392,392,2327247,2022-06-10,Georgia,Decatur,2801 Candler Rd,1,3,https://www.gunviolencearchive.org/incident/2327247,2022,06-2022
393,393,2325498,2022-06-09,Maryland,Smithsburg,12912 Bikle Rd,3,3,https://www.gunviolencearchive.org/incident/2325498,2022,06-2022
394,394,2325328,2022-06-08,Arizona,Yuma,1500 block of S 4th Ave,0,4,https://www.gunviolencearchive.org/incident/2325328,2022,06-2022
395,395,2323642,2022-06-07,Virginia,Portsmouth,1628 Maple Ave,4,0,https://www.gunviolencearchive.org/incident/2323642,2022,06-2022
396,396,2324475,2022-06-07,Illinois,Chicago,1223 S Lawndale Ave,0,4,https://www.gunviolencearchive.org/incident/2324475,2022,06-2022
397,397,2324435,2022-06-07,Maryland,Baltimore,5500 block of Plainfield Ave,2,2,https://www.gunviolencearchive.org/incident/2324435,2022,06-2022
398,398,2324496,2022-06-07,Illinois,Chicago,13000 block of S Champlain Ave,0,4,https://www.gunviolencearchive.org/incident/2324496,2022,06-2022
399,399,2321772,2022-06-05,Michigan,Saginaw,300 block of S 11th St,3,2,https://www.gunviolencearchive.org/incident/2321772,2022,06-2022
400,400,2321440,2022-06-05,Arizona,Mesa,1457 W Southern Ave,2,2,https://www.gunviolencearchive.org/incident/2321440,2022,06-2022
401,401,2321532,2022-06-05,Tennessee,Chattanooga,2125 McCallie Ave,2,12,https://www.gunviolencearchive.org/incident/2321532,2022,06-2022
402,402,2321693,2022-06-05,Michigan,Grand Rapids,Pearl St NW and Ottawa Ave NW,1,3,https://www.gunviolencearchive.org/incident/2321693,2022,06-2022
403,403,2322804,2022-06-05,South Carolina,Andrews,3000 block of County Line Road,0,5,https://www.gunviolencearchive.org/incident/2322804,2022,06-2022
404,404,2321193,2022-06-04,Michigan,Ecorse,3800 block of W Jefferson Ave,0,4,https://www.gunviolencearchive.org/incident/2321193,2022,06-2022
405,405,2321593,2022-06-04,South Carolina,Summerton,4193 St Paul Rd,1,7,https://www.gunviolencearchive.org/incident/2321593,2022,06-2022
406,406,2321500,2022-06-04,Georgia,Macon,300 Block of Jones Ave,2,2,https://www.gunviolencearchive.org/incident/2321500,2022,06-2022
407,407,2320673,2022-06-04,Texas,El Paso (Socorro),10851 Thunder Rd,0,5,https://www.gunviolencearchive.org/incident/2320673,2022,06-2022
408,408,2321266,2022-06-04,Pennsylvania,Philadelphia,200 block of South St,3,11,https://www.gunviolencearchive.org/incident/2321266,2022,06-2022
409,409,2320618,2022-06-04,Arizona,Phoenix,N 10th Ave and W Hatcher Rd,1,8,https://www.gunviolencearchive.org/incident/2320618,2022,06-2022
410,410,2321698,2022-06-04,New York,Hempstead,77 Terrace Ave,1,3,https://www.gunviolencearchive.org/incident/2321698,2022,06-2022
411,411,2320862,2022-06-03,Nebraska,Omaha,2931 T St,1,3,https://www.gunviolencearchive.org/incident/2320862,2022,06-2022
412,412,2320361,2022-06-03,Virginia,Chester,10960 block of Stepney Rd,1,5,https://www.gunviolencearchive.org/incident/2320361,2022,06-2022
413,413,2319567,2022-06-02,Texas,Centerville,1696 TX-7 W,6,0,https://www.gunviolencearchive.org/incident/2319567,2022,06-2022
414,414,2318310,2022-06-01,Oklahoma,Tulsa,6161 S Yale Ave,5,0,https://www.gunviolencearchive.org/incident/2318310,2022,06-2022
415,415,2318046,2022-05-31,Texas,Waco,1900 block of Preston St,0,4,https://www.gunviolencearchive.org/incident/2318046,2022,05-2022
416,416,2316616,2022-05-30,Michigan,Benton Harbor,999 Pipestone St,1,6,https://www.gunviolencearchive.org/incident/2316616,2022,05-2022
417,417,2315903,2022-05-30,Pennsylvania,Philadelphia,N Delaware Ave and E Tioga St,2,2,https://www.gunviolencearchive.org/incident/2315903,2022,05-2022
418,418,2317016,2022-05-30,South Carolina,Charleston,America St and South St,0,9,https://www.gunviolencearchive.org/incident/2317016,2022,05-2022
419,419,2315150,2022-05-29,Oklahoma,Taft,104 Elm St,1,7,https://www.gunviolencearchive.org/incident/2315150,2022,05-2022
420,420,2315892,2022-05-29,Illinois,Chicago,4400 block of W Walton St,1,4,https://www.gunviolencearchive.org/incident/2315892,2022,05-2022
421,421,2316364,2022-05-29,Texas,Houston,11654 Walnut Dale Ct,0,4,https://www.gunviolencearchive.org/incident/2316364,2022,05-2022
422,422,2315605,2022-05-29,Arizona,Phoenix,N 58th St and W Windsor Ave,1,5,https://www.gunviolencearchive.org/incident/2315605,2022,05-2022
423,423,2315074,2022-05-29,Illinois,Chicago,800 block of S Karlov Ave,0,5,https://www.gunviolencearchive.org/incident/2315074,2022,05-2022
424,424,2315361,2022-05-29,Nevada,Henderson,I-11 and Horizon Dr,0,7,https://www.gunviolencearchive.org/incident/2315361,2022,05-2022
425,425,2314991,2022-05-28,Tennessee,Chattanooga,100 block of Cherry St,0,6,https://www.gunviolencearchive.org/incident/2314991,2022,05-2022
426,426,2315338,2022-05-28,California,Fresno,2233 N 1st St,1,3,https://www.gunviolencearchive.org/incident/2315338,2022,05-2022
427,427,2315417,2022-05-28,Florida,Malabar,2500 block of Billie Ln,0,4,https://www.gunviolencearchive.org/incident/2315417,2022,05-2022
428,428,2315190,2022-05-28,Colorado,Colorado Springs,3800 block of E Pikes Pike Ave,1,3,https://www.gunviolencearchive.org/incident/2315190,2022,05-2022
429,429,2315333,2022-05-28,California,Merced,2600 block of Cowden Ave,1,3,https://www.gunviolencearchive.org/incident/2315333,2022,05-2022
430,430,2314951,2022-05-28,Tennessee,Memphis,Chelsea Ave and Peres Ave,0,4,https://www.gunviolencearchive.org/incident/2314951,2022,05-2022
431,431,2313988,2022-05-27,Alabama,Anniston,1204 Front St,0,6,https://www.gunviolencearchive.org/incident/2313988,2022,05-2022
432,432,2313970,2022-05-27,Michigan,Stanwood,10711 185th Ave,4,1,https://www.gunviolencearchive.org/incident/2313970,2022,05-2022
433,433,2312678,2022-05-25,Pennsylvania,Philadelphia,3500 block of Fairmount Ave,0,4,https://www.gunviolencearchive.org/incident/2312678,2022,05-2022
434,434,2310278,2022-05-24,Texas,Uvalde,715 Old Carrizo Rd,22,17,https://www.gunviolencearchive.org/incident/2310278,2022,05-2022
435,435,2309711,2022-05-23,South Carolina,North Charleston,7550 Dorchester Rd,0,5,https://www.gunviolencearchive.org/incident/2309711,2022,05-2022
436,436,2311123,2022-05-23,Ohio,Cleveland,1032 Hartley Rd,0,5,https://www.gunviolencearchive.org/incident/2311123,2022,05-2022
437,437,2308096,2022-05-21,Indiana,Goshen,1204 Rosemare Ct,2,3,https://www.gunviolencearchive.org/incident/2308096,2022,05-2022
438,438,2308395,2022-05-21,Washington,Tacoma,S Yakima Ave and S 56th St,0,4,https://www.gunviolencearchive.org/incident/2308395,2022,05-2022
439,439,2308017,2022-05-20,California,Highland,3606 Highland Ave,1,8,https://www.gunviolencearchive.org/incident/2308017,2022,05-2022
440,440,2307631,2022-05-20,Florida,Kissimmee,2331 Old Dixie Hwy,1,3,https://www.gunviolencearchive.org/incident/2307631,2022,05-2022
441,441,2307813,2022-05-20,Louisiana,New Orleans,St. Claude Ave and Forstall St,1,3,https://www.gunviolencearchive.org/incident/2307813,2022,05-2022
442,442,2307044,2022-05-19,Illinois,Chicago,800 block of N State St,2,7,https://www.gunviolencearchive.org/incident/2307044,2022,05-2022
443,443,2306277,2022-05-18,Pennsylvania,Philadelphia,1500 block of Bouvier St,0,5,https://www.gunviolencearchive.org/incident/2306277,2022,05-2022
444,444,2305208,2022-05-17,California,Palo Alto (East Palo Alto),2500 block of Fordham St,1,3,https://www.gunviolencearchive.org/incident/2305208,2022,05-2022
445,445,2302847,2022-05-15,California,Laguna Woods,24301 El Toro Rd,1,5,https://www.gunviolencearchive.org/incident/2302847,2022,05-2022
446,446,2303130,2022-05-15,North Carolina,Winston Salem (Winston-salem),2000 block of 25th St,0,7,https://www.gunviolencearchive.org/incident/2303130,2022,05-2022
447,447,2304029,2022-05-15,North Carolina,Elizabeth City,901 S Martin Luther King Jr Dr,0,4,https://www.gunviolencearchive.org/incident/2304029,2022,05-2022
448,448,2302740,2022-05-15,Texas,Houston,8729 Airline Dr,2,3,https://www.gunviolencearchive.org/incident/2302740,2022,05-2022
449,449,2303337,2022-05-15,Texas,Amarillo,1003 N Fillmore St,1,4,https://www.gunviolencearchive.org/incident/2303337,2022,05-2022
450,450,2301751,2022-05-14,New York,Buffalo,1275 Jefferson Ave,10,3,https://www.gunviolencearchive.org/incident/2301751,2022,05-2022
451,451,2301494,2022-05-13,Wisconsin,Milwaukee,Water St and Juneau Ave,0,16,https://www.gunviolencearchive.org/incident/2301494,2022,05-2022
452,452,2354757,2022-05-13,Louisiana,Napoleonville,,0,5,https://www.gunviolencearchive.org/incident/2354757,2022,05-2022
453,453,2300713,2022-05-12,Arkansas,Hot Springs National Park (Hot Springs),134 Convention Blvd,1,4,https://www.gunviolencearchive.org/incident/2300713,2022,05-2022
454,454,2299660,2022-05-11,Illinois,Chicago,6800 block of S Ashland Ave,0,4,https://www.gunviolencearchive.org/incident/2299660,2022,05-2022
455,455,2299126,2022-05-11,Indiana,Indianapolis,701 Canal Walk,0,5,https://www.gunviolencearchive.org/incident/2299126,2022,05-2022
456,456,2299793,2022-05-11,Missouri,Saint Louis,5000 block of N Kingshighway Blvd,1,3,https://www.gunviolencearchive.org/incident/2299793,2022,05-2022
457,457,2300830,2022-05-11,New Jersey,Paterson,36 Essex St,1,4,https://www.gunviolencearchive.org/incident/2300830,2022,05-2022
458,458,2298872,2022-05-10,Maryland,Baltimore,2800 block of Boarman Ave,0,5,https://www.gunviolencearchive.org/incident/2298872,2022,05-2022
459,459,2298836,2022-05-10,Illinois,Chicago,4800 block of S Ada St,1,4,https://www.gunviolencearchive.org/incident/2298836,2022,05-2022
460,460,2299407,2022-05-10,Illinois,Chicago,6400 block of S Richards Dr,0,6,https://www.gunviolencearchive.org/incident/2299407,2022,05-2022
461,461,2298519,2022-05-10,Pennsylvania,Philadelphia,Allegheny Ave and G St,0,4,https://www.gunviolencearchive.org/incident/2298519,2022,05-2022
462,462,2298591,2022-05-10,Maryland,Baltimore,700 block of N Rose St,1,3,https://www.gunviolencearchive.org/incident/2298591,2022,05-2022
463,463,2299176,2022-05-10,Texas,Brookshire,Purdy and 4th St,1,3,https://www.gunviolencearchive.org/incident/2299176,2022,05-2022
464,464,2297823,2022-05-09,Michigan,Detroit,12600 block of McCoy Cir,0,4,https://www.gunviolencearchive.org/incident/2297823,2022,05-2022
465,465,2298092,2022-05-09,Alabama,Tuscaloosa,4420 21st St,0,5,https://www.gunviolencearchive.org/incident/2298092,2022,05-2022
466,466,2297261,2022-05-08,Georgia,Clarkston,6500 block of Old Hampton Dr,3,3,https://www.gunviolencearchive.org/incident/2297261,2022,05-2022
467,467,2296191,2022-05-07,Kentucky,Lexington,1560 LaSalle Rd,2,3,https://www.gunviolencearchive.org/incident/2296191,2022,05-2022
468,468,2296224,2022-05-07,Florida,Miami,NW 37th St and NW 32nd Ave,0,4,https://www.gunviolencearchive.org/incident/2296224,2022,05-2022
469,469,2296808,2022-05-07,Texas,Garland,800 block of Magnolia Dr,2,2,https://www.gunviolencearchive.org/incident/2296808,2022,05-2022
470,470,2296037,2022-05-06,Louisiana,New Orleans,4800 block of Alcee Fortier Blvd,2,4,https://www.gunviolencearchive.org/incident/2296037,2022,05-2022
471,471,2296064,2022-05-05,Washington,Sunnyside,613 S 6th St,0,5,https://www.gunviolencearchive.org/incident/2296064,2022,05-2022
472,472,2293603,2022-05-03,Louisiana,Baton Rouge,2100 block of North 39th St,0,5,https://www.gunviolencearchive.org/incident/2293603,2022,05-2022
473,473,2294515,2022-05-03,Kansas,Cowley (county),,0,4,https://www.gunviolencearchive.org/incident/2294515,2022,05-2022
474,474,2294477,2022-05-03,Texas,Beaumont,3580 S Martin Luther King Jr Pkwy,0,5,https://www.gunviolencearchive.org/incident/2294477,2022,05-2022
475,475,2291712,2022-05-01,Louisiana,Lafayette,500 Jefferson St,0,12,https://www.gunviolencearchive.org/incident/2291712,2022,05-2022
476,476,2291578,2022-05-01,Ohio,Springfield,Clifton Ave and Rice St,1,4,https://www.gunviolencearchive.org/incident/2291578,2022,05-2022
477,477,2292452,2022-05-01,Florida,Tarpon Springs,Safford Ave and Boyer St,0,6,https://www.gunviolencearchive.org/incident/2292452,2022,05-2022
478,478,2292613,2022-05-01,South Carolina,North Charleston,US-52 and Ashley Phosphate Rd,1,3,https://www.gunviolencearchive.org/incident/2292613,2022,05-2022
479,479,2291618,2022-04-30,Georgia,Atlanta,445 Cleveland Ave SE,1,4,https://www.gunviolencearchive.org/incident/2291618,2022,04-2022
480,480,2291470,2022-04-30,Mississippi,Jackson,1207 Mississippi Street,1,5,https://www.gunviolencearchive.org/incident/2291470,2022,04-2022
481,481,2291185,2022-04-29,Tennessee,Jackson,310 North Pkwy,2,2,https://www.gunviolencearchive.org/incident/2291185,2022,04-2022
482,482,2290903,2022-04-29,Louisiana,New Orleans,3201 Magazine St,0,6,https://www.gunviolencearchive.org/incident/2290903,2022,04-2022
483,483,2291534,2022-04-29,Mississippi,Laurel,Ferrell St and Poplar Dr,0,4,https://www.gunviolencearchive.org/incident/2291534,2022,04-2022
484,484,2290026,2022-04-28,Alabama,Bessemer,1800 block of Berkley Ave,1,3,https://www.gunviolencearchive.org/incident/2290026,2022,04-2022
485,485,2288928,2022-04-27,Illinois,Chicago,4400 block of W Jackson Blvd,0,4,https://www.gunviolencearchive.org/incident/2288928,2022,04-2022
486,486,2289308,2022-04-27,Louisiana,Opelousas,700 block of Mia St,2,3,https://www.gunviolencearchive.org/incident/2289308,2022,04-2022
487,487,2288842,2022-04-27,Mississippi,Biloxi,2688 Beach Blvd,4,0,https://www.gunviolencearchive.org/incident/2288842,2022,04-2022
488,488,2289610,2022-04-27,Texas,San Antonio,3399 Wurzbach Rd,0,5,https://www.gunviolencearchive.org/incident/2289610,2022,04-2022
489,489,2289382,2022-04-27,Arizona,Phoenix,6719 W Thomas Rd,0,4,https://www.gunviolencearchive.org/incident/2289382,2022,04-2022
490,490,2287581,2022-04-25,Alabama,Birmingham,821 3rd Ave W,1,3,https://www.gunviolencearchive.org/incident/2287581,2022,04-2022
491,491,2286363,2022-04-24,South Carolina,Myrtle Beach,12th Ave N and Withers Alley,1,3,https://www.gunviolencearchive.org/incident/2286363,2022,04-2022
492,492,2286061,2022-04-24,Indiana,Lafayette,2905 Westchester Ln W,2,4,https://www.gunviolencearchive.org/incident/2286061,2022,04-2022
493,493,2285772,2022-04-23,Illinois,Chicago,2000 block of W 51st St,2,2,https://www.gunviolencearchive.org/incident/2285772,2022,04-2022
494,494,2285612,2022-04-23,North Carolina,Rocky Mount,1171 Jefferies Rd,0,4,https://www.gunviolencearchive.org/incident/2285612,2022,04-2022
495,495,2285860,2022-04-23,Georgia,Atlanta,135 Andrew Young International Blvd NW,0,5,https://www.gunviolencearchive.org/incident/2285860,2022,04-2022
496,496,2286089,2022-04-23,California,San Bernardino,1036 W Highland Ave,1,4,https://www.gunviolencearchive.org/incident/2286089,2022,04-2022
497,497,2285158,2022-04-22,Virginia,Petersburg,200 block of Holly Hill Dr,1,5,https://www.gunviolencearchive.org/incident/2285158,2022,04-2022
498,498,2285242,2022-04-22,Ohio,Cincinnati,Kemper Ln and E McMillan St,0,4,https://www.gunviolencearchive.org/incident/2285242,2022,04-2022
499,499,2284819,2022-04-22,District of Columbia,Washington,2900 block of Van Ness St NW,1,4,https://www.gunviolencearchive.org/incident/2284819,2022,04-2022
500,500,2285267,2022-04-21,Arkansas,Mountain View,646 Northcutt Rd,4,0,https://www.gunviolencearchive.org/incident/2285267,2022,04-2022
501,501,2283535,2022-04-20,Minnesota,Duluth,715 E 12th St,5,0,https://www.gunviolencearchive.org/incident/2283535,2022,04-2022
502,502,2281171,2022-04-17,Pennsylvania,Philadelphia,2800 block of Orkney St,0,4,https://www.gunviolencearchive.org/incident/2281171,2022,04-2022
503,503,2281541,2022-04-17,Oregon,Portland,16150 SE Stark St,1,3,https://www.gunviolencearchive.org/incident/2281541,2022,04-2022
504,504,2280875,2022-04-17,South Carolina,Furman,72 Ashley Circle Rd,0,9,https://www.gunviolencearchive.org/incident/2280875,2022,04-2022
505,505,2281164,2022-04-17,California,Sacramento,7200 block of Franklin Blvd,1,3,https://www.gunviolencearchive.org/incident/2281164,2022,04-2022
506,506,2281483,2022-04-17,Florida,Miami,15020 South River Dr,1,3,https://www.gunviolencearchive.org/incident/2281483,2022,04-2022
507,507,2280711,2022-04-17,Pennsylvania,Pittsburgh,900B Madison Ave,2,9,https://www.gunviolencearchive.org/incident/2280711,2022,04-2022
508,508,2282256,2022-04-17,Louisiana,Baldwin,Rosebud Rd and Baptiste St,0,5,https://www.gunviolencearchive.org/incident/2282256,2022,04-2022
509,509,2280204,2022-04-16,South Carolina,Columbia,100 Columbiana Cir,0,9,https://www.gunviolencearchive.org/incident/2280204,2022,04-2022
510,510,2280495,2022-04-16,Maryland,Baltimore,5300 block of Maple Ave,1,3,https://www.gunviolencearchive.org/incident/2280495,2022,04-2022
511,511,2281244,2022-04-16,Nevada,North Las Vegas,4900 block of Support St,0,4,https://www.gunviolencearchive.org/incident/2281244,2022,04-2022
512,512,2281410,2022-04-16,Texas,Daingerfield,FM 144 and Edwards Rd,1,6,https://www.gunviolencearchive.org/incident/2281410,2022,04-2022
513,513,2280017,2022-04-16,New York,Syracuse,300 block of S Clinton St,1,4,https://www.gunviolencearchive.org/incident/2280017,2022,04-2022
514,514,2280504,2022-04-15,California,Stockton,300 block of Coventry Dr,2,2,https://www.gunviolencearchive.org/incident/2280504,2022,04-2022
515,515,2276339,2022-04-12,New York,Brooklyn,36th St and 4th Ave,0,10,https://www.gunviolencearchive.org/incident/2276339,2022,04-2022
516,516,2277011,2022-04-12,New York,Bronx,2825 Olinville Ave,1,3,https://www.gunviolencearchive.org/incident/2277011,2022,04-2022
517,517,2275242,2022-04-10,Louisiana,Baton Rouge,2700 block of Lorraine St,0,4,https://www.gunviolencearchive.org/incident/2275242,2022,04-2022
518,518,2274790,2022-04-10,Iowa,Cedar Rapids,415 3rd St SE,3,9,https://www.gunviolencearchive.org/incident/2274790,2022,04-2022
519,519,2274803,2022-04-10,Illinois,Elgin,958 Congdon Ave,2,4,https://www.gunviolencearchive.org/incident/2274803,2022,04-2022
520,520,2275283,2022-04-10,California,Willowbrook,Blakley Ave and E 122nd Pl,2,5,https://www.gunviolencearchive.org/incident/2275283,2022,04-2022
521,521,2274783,2022-04-10,Indiana,Indianapolis,4270 W 38th St,1,5,https://www.gunviolencearchive.org/incident/2274783,2022,04-2022
522,522,2274296,2022-04-09,Florida,Miami,6816 NW 15th Ave,0,4,https://www.gunviolencearchive.org/incident/2274296,2022,04-2022
523,523,2274855,2022-04-09,District of Columbia,Washington,O St SW and Half St SW,0,4,https://www.gunviolencearchive.org/incident/2274855,2022,04-2022
524,524,2272394,2022-04-06,Pennsylvania,Philadelphia,Griscom St and Arrott St,1,4,https://www.gunviolencearchive.org/incident/2272394,2022,04-2022
525,525,2270747,2022-04-04,Kentucky,Covington,Russell St and W 16th St,0,4,https://www.gunviolencearchive.org/incident/2270747,2022,04-2022
526,526,2270578,2022-04-04,Connecticut,Hartford,Bedford St and Mather St,1,3,https://www.gunviolencearchive.org/incident/2270578,2022,04-2022
527,527,2269429,2022-04-03,New York,Buffalo,400 block of Genesee St,0,4,https://www.gunviolencearchive.org/incident/2269429,2022,04-2022
528,528,2269745,2022-04-03,California,San Francisco,670 Brunswick St,2,2,https://www.gunviolencearchive.org/incident/2269745,2022,04-2022
529,529,2269100,2022-04-03,Texas,Dallas,5050 Cleveland Rd,1,16,https://www.gunviolencearchive.org/incident/2269100,2022,04-2022
530,530,2269082,2022-04-03,California,Sacramento,J St and 10th St,6,12,https://www.gunviolencearchive.org/incident/2269082,2022,04-2022
531,531,2268723,2022-04-02,North Carolina,Shelby,1851 E Dixon Blvd,1,3,https://www.gunviolencearchive.org/incident/2268723,2022,04-2022
532,532,2268762,2022-04-02,Louisiana,Monroe,100 Sterlington Rd,1,5,https://www.gunviolencearchive.org/incident/2268762,2022,04-2022
533,533,2269059,2022-04-02,Colorado,Colorado Springs,2400 block of Barkman Dr,0,4,https://www.gunviolencearchive.org/incident/2269059,2022,04-2022
534,534,2269034,2022-04-02,Louisiana,Shreveport,2025 Marshall St,1,3,https://www.gunviolencearchive.org/incident/2269034,2022,04-2022
535,535,2269259,2022-04-01,South Carolina,Walterboro,1900 Block of Logan Farm Rd,0,4,https://www.gunviolencearchive.org/incident/2269259,2022,04-2022
536,536,2264094,2022-03-26,California,Hollister,Rustic St and Roble St,2,3,https://www.gunviolencearchive.org/incident/2264094,2022,03-2022
537,537,2265029,2022-03-26,Ohio,Cleveland,1437 St Clair Ave NE,0,4,https://www.gunviolencearchive.org/incident/2265029,2022,03-2022
538,538,2263608,2022-03-25,Colorado,Colorado Springs,820 Citadel Dr E,2,2,https://www.gunviolencearchive.org/incident/2263608,2022,03-2022
539,539,2260129,2022-03-22,California,Stockton,1800 West Lane,1,3,https://www.gunviolencearchive.org/incident/2260129,2022,03-2022
540,540,2259262,2022-03-21,Connecticut,Waterbury,23 Scovill St,0,4,https://www.gunviolencearchive.org/incident/2259262,2022,03-2022
541,541,2259413,2022-03-21,Illinois,Chicago,1650 E 79th St,2,2,https://www.gunviolencearchive.org/incident/2259413,2022,03-2022
542,542,2258324,2022-03-20,Wisconsin,Milwaukee,2822 W Melvina St,0,4,https://www.gunviolencearchive.org/incident/2258324,2022,03-2022
543,543,2258156,2022-03-20,Texas,Austin,E 6th St and Neches St,0,4,https://www.gunviolencearchive.org/incident/2258156,2022,03-2022
544,544,2258224,2022-03-20,Texas,Houston,2955 S Sam Houston Pkwy E,1,3,https://www.gunviolencearchive.org/incident/2258224,2022,03-2022
545,545,2257316,2022-03-19,Virginia,Norfolk,320 Granby St,3,2,https://www.gunviolencearchive.org/incident/2257316,2022,03-2022
546,546,2258012,2022-03-19,North Carolina,Fayetteville,1707 Owen Dr,3,3,https://www.gunviolencearchive.org/incident/2258012,2022,03-2022
547,547,2257739,2022-03-19,Arkansas,Dumas,611 Highway 65 S,1,26,https://www.gunviolencearchive.org/incident/2257739,2022,03-2022
548,548,2257674,2022-03-19,Virginia,Madison Heights,351 Old Wright Shop Rd,1,4,https://www.gunviolencearchive.org/incident/2257674,2022,03-2022
549,549,2258182,2022-03-19,Texas,Dallas,5214 Botham Jean Blvd,1,9,https://www.gunviolencearchive.org/incident/2258182,2022,03-2022
550,550,2256453,2022-03-18,Texas,Fort Worth,1600 block of NW Loraine St,1,3,https://www.gunviolencearchive.org/incident/2256453,2022,03-2022
551,551,2257778,2022-03-18,Louisiana,New Iberia,200 block of C V Jackson Dr,0,5,https://www.gunviolencearchive.org/incident/2257778,2022,03-2022
552,552,2257132,2022-03-17,Michigan,Lansing,2200 block of E Michigan Ave,0,4,https://www.gunviolencearchive.org/incident/2257132,2022,03-2022
553,553,2256398,2022-03-17,Illinois,Chicago,4100 block of W Monroe St,0,4,https://www.gunviolencearchive.org/incident/2256398,2022,03-2022
554,554,2255816,2022-03-17,Florida,Fort Lauderdale,1300 W Broward Blvd,2,2,https://www.gunviolencearchive.org/incident/2255816,2022,03-2022
555,555,2255832,2022-03-16,New Jersey,Irvington,800 block of 18th Ave,1,3,https://www.gunviolencearchive.org/incident/2255832,2022,03-2022
556,556,2256080,2022-03-16,New Jersey,Irvington,862 18th Ave,1,3,https://www.gunviolencearchive.org/incident/2256080,2022,03-2022
557,557,2254579,2022-03-15,Alabama,Ozark,1001 US Hwy 231,0,5,https://www.gunviolencearchive.org/incident/2254579,2022,03-2022
558,558,2253714,2022-03-14,Pennsylvania,Reading,1300 block of Meade St,1,3,https://www.gunviolencearchive.org/incident/2253714,2022,03-2022
559,559,2252873,2022-03-13,Illinois,Chicago,7902 S Exchange Ave,0,7,https://www.gunviolencearchive.org/incident/2252873,2022,03-2022
560,560,2252500,2022-03-13,New York,Rochester,471 State St,2,2,https://www.gunviolencearchive.org/incident/2252500,2022,03-2022
561,561,2252792,2022-03-13,South Carolina,Columbia,810 Pulaski St,1,4,https://www.gunviolencearchive.org/incident/2252792,2022,03-2022
562,562,2252719,2022-03-12,Maryland,Baltimore,Gwynn Oak Ave and Liberty Heights Ave,3,1,https://www.gunviolencearchive.org/incident/2252719,2022,03-2022
563,563,2253654,2022-03-12,Alabama,Autaugaville,200 block of N Pickett St,1,3,https://www.gunviolencearchive.org/incident/2253654,2022,03-2022
564,564,2251416,2022-03-11,Ohio,Columbus,1644 E Dublin-Granville Rd,2,2,https://www.gunviolencearchive.org/incident/2251416,2022,03-2022
565,565,2250540,2022-03-09,Colorado,Aurora,3300 N Ouray St,1,4,https://www.gunviolencearchive.org/incident/2250540,2022,03-2022
566,566,2250151,2022-03-08,Florida,Jacksonville,Duval Station Rd and Starratt Rd,1,4,https://www.gunviolencearchive.org/incident/2250151,2022,03-2022
567,567,2249608,2022-03-07,Tennessee,Knoxville,5800 block of Primus Rd,0,4,https://www.gunviolencearchive.org/incident/2249608,2022,03-2022
568,568,2247617,2022-03-06,Minnesota,Minneapolis,2720 Blaisdell Ave,1,3,https://www.gunviolencearchive.org/incident/2247617,2022,03-2022
569,569,2248066,2022-03-06,Pennsylvania,Hazleton,182 S  Wyoming St,1,4,https://www.gunviolencearchive.org/incident/2248066,2022,03-2022
570,570,2247842,2022-03-06,Kentucky,Louisville,601 E Jefferson St,0,4,https://www.gunviolencearchive.org/incident/2247842,2022,03-2022
571,571,2247828,2022-03-06,Texas,Lubbock,1800 block of Parkway Dr,0,4,https://www.gunviolencearchive.org/incident/2247828,2022,03-2022
572,572,2247622,2022-03-06,South Carolina,Chester,Powell Dr and Harvey Neely Rd,2,3,https://www.gunviolencearchive.org/incident/2247622,2022,03-2022
573,573,2248613,2022-03-06,Louisiana,Monroe,1051 Martin Luther King Junior Drive,0,4,https://www.gunviolencearchive.org/incident/2248613,2022,03-2022
574,574,2247747,2022-03-05,Arizona,Glendale,4810 W Glendale Ave,1,3,https://www.gunviolencearchive.org/incident/2247747,2022,03-2022
575,575,2247025,2022-03-05,Georgia,Atlanta,I-75 and Arthur B. Langford Jr. Pkwy,0,4,https://www.gunviolencearchive.org/incident/2247025,2022,03-2022
576,576,2246387,2022-03-03,Nevada,Las Vegas,4055 S University Center Dr,1,6,https://www.gunviolencearchive.org/incident/2246387,2022,03-2022
577,577,2245620,2022-03-02,Maryland,Baltimore,Walbrook Ave and N Dukeland St,1,3,https://www.gunviolencearchive.org/incident/2245620,2022,03-2022
578,578,2243861,2022-02-28,California,Sacramento,2041 Wyda Way,5,0,https://www.gunviolencearchive.org/incident/2243861,2022,02-2022
579,579,2243285,2022-02-27,Louisiana,Alexandria,3700 block of 3rd St,0,4,https://www.gunviolencearchive.org/incident/2243285,2022,02-2022
580,580,2242345,2022-02-26,South Carolina,North Charleston,2622 S Allen Dr,1,3,https://www.gunviolencearchive.org/incident/2242345,2022,02-2022
581,581,2242153,2022-02-26,Nevada,Las Vegas,953 E Sahara Ave,1,14,https://www.gunviolencearchive.org/incident/2242153,2022,02-2022
582,582,2244673,2022-02-26,Louisiana,Bogalusa,E 4th St and Martin Luther King Jr Dr,0,10,https://www.gunviolencearchive.org/incident/2244673,2022,02-2022
583,583,2241857,2022-02-25,Louisiana,Baton Rouge,6401 Bluebonnet Blvd,2,2,https://www.gunviolencearchive.org/incident/2241857,2022,02-2022
584,584,2241299,2022-02-24,Texas,San Antonio,90 Lanark Dr,0,4,https://www.gunviolencearchive.org/incident/2241299,2022,02-2022
585,585,2238575,2022-02-21,Minnesota,Saint Paul,488 Humboldt Ave,1,3,https://www.gunviolencearchive.org/incident/2238575,2022,02-2022
586,586,2238165,2022-02-20,Iowa,Des Moines,100 block of Water St,0,4,https://www.gunviolencearchive.org/incident/2238165,2022,02-2022
587,587,2238657,2022-02-20,Nebraska,Omaha,1817 N 33rd St,0,4,https://www.gunviolencearchive.org/incident/2238657,2022,02-2022
588,588,2238403,2022-02-20,Oregon,Portland,SE Foster Rd and 128th Ave,1,3,https://www.gunviolencearchive.org/incident/2238403,2022,02-2022
589,589,2238312,2022-02-20,Mississippi,Mccomb,Minnesota Ave and 6th St,1,3,https://www.gunviolencearchive.org/incident/2238312,2022,02-2022
590,590,2237697,2022-02-19,Oregon,Portland,NE 55th Ave and NE Hassalo St,1,6,https://www.gunviolencearchive.org/incident/2237697,2022,02-2022
591,591,2237593,2022-02-19,Missouri,Charleston,106 S Franklin St,2,14,https://www.gunviolencearchive.org/incident/2237593,2022,02-2022
592,592,2237196,2022-02-19,California,Turlock,142 S 1st St,0,7,https://www.gunviolencearchive.org/incident/2237196,2022,02-2022
593,593,2237058,2022-02-19,North Carolina,Durham,1400 E Cornwallis Rd,2,2,https://www.gunviolencearchive.org/incident/2237058,2022,02-2022
594,594,2236857,2022-02-18,Maryland,Temple Hills (Marlow Heights),4200 block of 28th Ave,2,2,https://www.gunviolencearchive.org/incident/2236857,2022,02-2022
595,595,2236155,2022-02-17,Pennsylvania,Philadelphia,164 W Chelten Ave,0,4,https://www.gunviolencearchive.org/incident/2236155,2022,02-2022
596,596,2235778,2022-02-17,Texas,Houston,3000 Blodgett St,0,5,https://www.gunviolencearchive.org/incident/2235778,2022,02-2022
597,597,2235366,2022-02-16,Florida,Miami,NW 99th St and NW 21st Ave,1,3,https://www.gunviolencearchive.org/incident/2235366,2022,02-2022
598,598,2234868,2022-02-15,Illinois,Joliet,700 block of Francis St,1,3,https://www.gunviolencearchive.org/incident/2234868,2022,02-2022
599,599,2232854,2022-02-13,Wisconsin,Racine,7th St and Park Ave,1,5,https://www.gunviolencearchive.org/incident/2232854,2022,02-2022
600,600,2232287,2022-02-12,California,West Hollywood,401 N La Cienega Blvd,0,4,https://www.gunviolencearchive.org/incident/2232287,2022,02-2022
601,601,2232351,2022-02-12,Tennessee,Murfreesboro,1644 Middle Tennessee Blvd,1,4,https://www.gunviolencearchive.org/incident/2232351,2022,02-2022
602,602,2232476,2022-02-12,Arkansas,Little Rock,200 block of E 7th St,1,3,https://www.gunviolencearchive.org/incident/2232476,2022,02-2022
603,603,2231921,2022-02-11,Missouri,Springfield,E Kearney St and N Prospect Ave,0,4,https://www.gunviolencearchive.org/incident/2231921,2022,02-2022
604,604,2231371,2022-02-11,Arizona,Phoenix,5405 W Warner St,2,9,https://www.gunviolencearchive.org/incident/2231371,2022,02-2022
605,605,2228979,2022-02-06,Illinois,Romeoville,735 N Center Blvd,0,5,https://www.gunviolencearchive.org/incident/2228979,2022,02-2022
606,606,2228510,2022-02-06,California,Fresno,S Clara Ave and E Lorena Ave,2,2,https://www.gunviolencearchive.org/incident/2228510,2022,02-2022
607,607,2228660,2022-02-06,North Carolina,Wilmington,200 block of North 31st St,0,4,https://www.gunviolencearchive.org/incident/2228660,2022,02-2022
608,608,2227759,2022-02-06,Florida,Fort Lauderdale,5280 FL-7,0,4,https://www.gunviolencearchive.org/incident/2227759,2022,02-2022
609,609,2227058,2022-02-05,Texas,Corsicana,2919 W 2nd Ave,8,0,https://www.gunviolencearchive.org/incident/2227058,2022,02-2022
610,610,2227187,2022-02-05,New Mexico,Las Cruces,1900 block of Gladys Dr,1,3,https://www.gunviolencearchive.org/incident/2227187,2022,02-2022
611,611,2227035,2022-02-04,Virginia,Blacksburg,109 N Main St,1,4,https://www.gunviolencearchive.org/incident/2227035,2022,02-2022
612,612,2225493,2022-02-02,California,Oroville,410 Oro Dam Blvd E,1,4,https://www.gunviolencearchive.org/incident/2225493,2022,02-2022
613,613,2224788,2022-02-01,Wisconsin,Milwaukee,1801 W Olive St,0,5,https://www.gunviolencearchive.org/incident/2224788,2022,02-2022
614,614,2224013,2022-01-31,North Carolina,Raleigh,3120 New Bern Ave,1,3,https://www.gunviolencearchive.org/incident/2224013,2022,01-2022
615,615,2222953,2022-01-30,Florida,Winter Haven,Buckeye Loop Rd and MLK Blvd NE,1,4,https://www.gunviolencearchive.org/incident/2222953,2022,01-2022
616,616,2223019,2022-01-30,Georgia,Augusta,2623 Deans Bridge Rd,1,3,https://www.gunviolencearchive.org/incident/2223019,2022,01-2022
617,617,2222557,2022-01-29,Missouri,Saint Louis,4900 block of Cote Brilliante,3,1,https://www.gunviolencearchive.org/incident/2222557,2022,01-2022
618,618,2222383,2022-01-29,Georgia,Atlanta,899 Martin Luther King Jr Dr NW,1,3,https://www.gunviolencearchive.org/incident/2222383,2022,01-2022
619,619,2222766,2022-01-29,California,Bakersfield,10612 Rosedale Hwy,0,4,https://www.gunviolencearchive.org/incident/2222766,2022,01-2022
620,620,2220985,2022-01-27,District of Columbia,Washington,4400 Connecticut Ave,1,4,https://www.gunviolencearchive.org/incident/2220985,2022,01-2022
621,621,2217882,2022-01-23,California,Inglewood,1300 block of North Park Ave,4,1,https://www.gunviolencearchive.org/incident/2217882,2022,01-2022
622,622,2218159,2022-01-23,Wisconsin,Milwaukee,2505 N 21st St,6,0,https://www.gunviolencearchive.org/incident/2218159,2022,01-2022
623,623,2215955,2022-01-19,Maryland,Baltimore,E Monument St and N Montford Ave,3,1,https://www.gunviolencearchive.org/incident/2215955,2022,01-2022
624,624,2215256,2022-01-19,Louisiana,New Orleans,7800 block of Keats St,0,4,https://www.gunviolencearchive.org/incident/2215256,2022,01-2022
625,625,2214013,2022-01-18,Florida,Miami,10702 NW 7th Ave,1,4,https://www.gunviolencearchive.org/incident/2214013,2022,01-2022
626,626,2214306,2022-01-17,Texas,San Antonio,400 block of Spriggsdale Ave,1,4,https://www.gunviolencearchive.org/incident/2214306,2022,01-2022
627,627,2213456,2022-01-16,Georgia,Savannah,1100 Graydon St,1,3,https://www.gunviolencearchive.org/incident/2213456,2022,01-2022
628,628,2212203,2022-01-15,Tennessee,Knoxville,2700 block of Tarleton Ave,0,4,https://www.gunviolencearchive.org/incident/2212203,2022,01-2022
629,629,2212018,2022-01-15,Georgia,Brunswick,2717 Glynn Ave,1,5,https://www.gunviolencearchive.org/incident/2212018,2022,01-2022
630,630,2211746,2022-01-14,Oregon,Eugene,219 W 8th Ave,0,6,https://www.gunviolencearchive.org/incident/2211746,2022,01-2022
631,631,2210480,2022-01-13,New York,Brooklyn,1014 E 92nd St,1,3,https://www.gunviolencearchive.org/incident/2210480,2022,01-2022
632,632,2209840,2022-01-12,Illinois,Chicago,S King Dr and E 63rd St,0,4,https://www.gunviolencearchive.org/incident/2209840,2022,01-2022
633,633,2207435,2022-01-09,California,Fresno,724 E Olive Ave,0,4,https://www.gunviolencearchive.org/incident/2207435,2022,01-2022
634,634,2207931,2022-01-09,California,Los Angeles,W 35th St and S Hill St,2,4,https://www.gunviolencearchive.org/incident/2207931,2022,01-2022
635,635,2207469,2022-01-09,Alabama,Montgomery,3020 Atlanta Hwy,1,6,https://www.gunviolencearchive.org/incident/2207469,2022,01-2022
636,636,2207406,2022-01-09,Colorado,Colorado Springs,1960 Chelton Rd,2,3,https://www.gunviolencearchive.org/incident/2207406,2022,01-2022
637,637,2206813,2022-01-08,Texas,Houston,7136 Clarewood Dr,1,3,https://www.gunviolencearchive.org/incident/2206813,2022,01-2022
638,638,2205024,2022-01-04,Mississippi,Jackson,3207 W Capitol St,1,3,https://www.gunviolencearchive.org/incident/2205024,2022,01-2022
639,639,2202976,2022-01-02,Texas,Corsicana,1100 block of S 29th St,2,2,https://www.gunviolencearchive.org/incident/2202976,2022,01-2022
640,640,2202727,2022-01-02,Texas,San Antonio,427 Montrose,2,2,https://www.gunviolencearchive.org/incident/2202727,2022,01-2022
641,641,2202025,2022-01-01,Missouri,Columbia,122 S 9th St,0,4,https://www.gunviolencearchive.org/incident/2202025,2022,01-2022
642,642,2201629,2022-01-01,Pennsylvania,Philadelphia,1600 block of Cecil B Moore Ave,1,4,https://www.gunviolencearchive.org/incident/2201629,2022,01-2022
643,643,2201641,2022-01-01,Wisconsin,Kenosha,1708 52nd St,1,3,https://www.gunviolencearchive.org/incident/2201641,2022,01-2022
644,644,2202001,2022-01-01,Illinois,Peoria,2000 block of SW Adams St,2,2,https://www.gunviolencearchive.org/incident/2202001,2022,01-2022
645,645,2201876,2022-01-01,South Carolina,Dillon,3261 Hwy 9,0,5,https://www.gunviolencearchive.org/incident/2201876,2022,01-2022
646,646,2201848,2022-01-01,Indiana,South Bend,1500 block of S Miami St,0,4,https://www.gunviolencearchive.org/incident/2201848,2022,01-2022
647,647,2201677,2022-01-01,Colorado,Denver,1919 Blake St,2,2,https://www.gunviolencearchive.org/incident/2201677,2022,01-2022
